Test Execution Date,Execution Time,API Name,Test Scenario Number,JSON Payload,Results JSON File Name,Test Result, Reason For Failure
03-03-2019,0537PM,AddFeeLoanAccount_SlabCreate,1,C:\ACorn\jsonPayload\03-03-2019_0536PM\testScenario_for_API__AddFeeLoanAccount_SlabCreate1.json,C:\ACorn\jsonOutput\03-03-2019_0536PM\AddFeeLoanAccount_SlabCreatejsonOutput_1.json,PASS,
03-03-2019,0537PM,AddFeeLoanAccount_SlabCreate,2,C:\ACorn\jsonPayload\03-03-2019_0536PM\testScenario_for_API__AddFeeLoanAccount_SlabCreate2.json,C:\ACorn\jsonOutput\03-03-2019_0536PM\AddFeeLoanAccount_SlabCreatejsonOutput_2.json,PASS,
03-03-2019,0537PM,AddFeeLoanAccount_SlabCreate,3,C:\ACorn\jsonPayload\03-03-2019_0536PM\testScenario_for_API__AddFeeLoanAccount_SlabCreate3.json,C:\ACorn\jsonOutput\03-03-2019_0536PM\AddFeeLoanAccount_SlabCreatejsonOutput_3.json,PASS,
03-03-2019,0537PM,AddFeeLoanAccount_SlabCreate,4,C:\ACorn\jsonPayload\03-03-2019_0536PM\testScenario_for_API__AddFeeLoanAccount_SlabCreate4.json,C:\ACorn\jsonOutput\03-03-2019_0536PM\AddFeeLoanAccount_SlabCreatejsonOutput_4.json,PASS,
03-03-2019,0537PM,AddFeeLoanAccount_SlabCreate,5,C:\ACorn\jsonPayload\03-03-2019_0536PM\testScenario_for_API__AddFeeLoanAccount_SlabCreate5.json,C:\ACorn\jsonOutput\03-03-2019_0536PM\AddFeeLoanAccount_SlabCreatejsonOutput_5.json,PASS,
03-03-2019,0537PM,AddFeeLoanAccount_SlabCreate,6,C:\ACorn\jsonPayload\03-03-2019_0536PM\testScenario_for_API__AddFeeLoanAccount_SlabCreate6.json,C:\ACorn\jsonOutput\03-03-2019_0536PM\AddFeeLoanAccount_SlabCreatejsonOutput_6.json,PASS,
03-03-2019,0537PM,AddFeeLoanAccount_SlabCreate,7,C:\ACorn\jsonPayload\03-03-2019_0536PM\testScenario_for_API__AddFeeLoanAccount_SlabCreate7.json,C:\ACorn\jsonOutput\03-03-2019_0536PM\AddFeeLoanAccount_SlabCreatejsonOutput_7.json,PASS,
03-03-2019,0537PM,AddFeeLoanAccount_SlabCreate,8,C:\ACorn\jsonPayload\03-03-2019_0536PM\testScenario_for_API__AddFeeLoanAccount_SlabCreate8.json,C:\ACorn\jsonOutput\03-03-2019_0536PM\AddFeeLoanAccount_SlabCreatejsonOutput_8.json,PASS,
03-03-2019,0537PM,AddFeeLoanAccount_SlabCreate,9,C:\ACorn\jsonPayload\03-03-2019_0536PM\testScenario_for_API__AddFeeLoanAccount_SlabCreate9.json,C:\ACorn\jsonOutput\03-03-2019_0536PM\AddFeeLoanAccount_SlabCreatejsonOutput_9.json,PASS,
03-03-2019,0537PM,AddFeeLoanAccount_SlabCreate,10,C:\ACorn\jsonPayload\03-03-2019_0536PM\testScenario_for_API__AddFeeLoanAccount_SlabCreate10.json,C:\ACorn\jsonOutput\03-03-2019_0536PM\AddFeeLoanAccount_SlabCreatejsonOutput_10.json,PASS,
03-03-2019,0537PM,AddFeeLoanAccount_SlabCreate,11,C:\ACorn\jsonPayload\03-03-2019_0536PM\testScenario_for_API__AddFeeLoanAccount_SlabCreate11.json,C:\ACorn\jsonOutput\03-03-2019_0536PM\AddFeeLoanAccount_SlabCreatejsonOutput_11.json,PASS,
03-03-2019,0537PM,AddFeeLoanAccount_SlabCreate,12,C:\ACorn\jsonPayload\03-03-2019_0536PM\testScenario_for_API__AddFeeLoanAccount_SlabCreate12.json,C:\ACorn\jsonOutput\03-03-2019_0536PM\AddFeeLoanAccount_SlabCreatejsonOutput_12.json,PASS,
03-03-2019,0537PM,AddFeeLoanAccount_SlabCreate,13,C:\ACorn\jsonPayload\03-03-2019_0536PM\testScenario_for_API__AddFeeLoanAccount_SlabCreate13.json,C:\ACorn\jsonOutput\03-03-2019_0536PM\AddFeeLoanAccount_SlabCreatejsonOutput_13.json,PASS,
03-03-2019,0537PM,AddFeeLoanAccount_SlabCreate,14,C:\ACorn\jsonPayload\03-03-2019_0536PM\testScenario_for_API__AddFeeLoanAccount_SlabCreate14.json,C:\ACorn\jsonOutput\03-03-2019_0536PM\AddFeeLoanAccount_SlabCreatejsonOutput_14.json,FAIL,Actual response code received is 500
03-03-2019,0537PM,AddFeeLoanAccount_SlabCreate,15,C:\ACorn\jsonPayload\03-03-2019_0536PM\testScenario_for_API__AddFeeLoanAccount_SlabCreate15.json,C:\ACorn\jsonOutput\03-03-2019_0536PM\AddFeeLoanAccount_SlabCreatejsonOutput_15.json,PASS,
03-03-2019,0537PM,AddFeeLoanAccount_SlabCreate,16,C:\ACorn\jsonPayload\03-03-2019_0536PM\testScenario_for_API__AddFeeLoanAccount_SlabCreate16.json,C:\ACorn\jsonOutput\03-03-2019_0536PM\AddFeeLoanAccount_SlabCreatejsonOutput_16.json,PASS,
03-03-2019,0537PM,AddFeeLoanAccount_SlabCreate,17,C:\ACorn\jsonPayload\03-03-2019_0536PM\testScenario_for_API__AddFeeLoanAccount_SlabCreate17.json,C:\ACorn\jsonOutput\03-03-2019_0536PM\AddFeeLoanAccount_SlabCreatejsonOutput_17.json,PASS,
03-03-2019,0537PM,AddFeeLoanAccount_SlabCreate,18,C:\ACorn\jsonPayload\03-03-2019_0536PM\testScenario_for_API__AddFeeLoanAccount_SlabCreate18.json,C:\ACorn\jsonOutput\03-03-2019_0536PM\AddFeeLoanAccount_SlabCreatejsonOutput_18.json,PASS,
03-03-2019,0537PM,AddFeeLoanAccount_SlabCreate,19,C:\ACorn\jsonPayload\03-03-2019_0536PM\testScenario_for_API__AddFeeLoanAccount_SlabCreate19.json,C:\ACorn\jsonOutput\03-03-2019_0536PM\AddFeeLoanAccount_SlabCreatejsonOutput_19.json,PASS,
03-03-2019,0537PM,AddFeeLoanAccount_SlabCreate,20,C:\ACorn\jsonPayload\03-03-2019_0536PM\testScenario_for_API__AddFeeLoanAccount_SlabCreate20.json,C:\ACorn\jsonOutput\03-03-2019_0536PM\AddFeeLoanAccount_SlabCreatejsonOutput_20.json,PASS,
03-03-2019,0538PM,AddFeeLoanAccount_SlabCreate,21,C:\ACorn\jsonPayload\03-03-2019_0536PM\testScenario_for_API__AddFeeLoanAccount_SlabCreate21.json,C:\ACorn\jsonOutput\03-03-2019_0536PM\AddFeeLoanAccount_SlabCreatejsonOutput_21.json,PASS,
03-03-2019,0538PM,AddFeeLoanAccount_SlabCreate,22,C:\ACorn\jsonPayload\03-03-2019_0536PM\testScenario_for_API__AddFeeLoanAccount_SlabCreate22.json,C:\ACorn\jsonOutput\03-03-2019_0536PM\AddFeeLoanAccount_SlabCreatejsonOutput_22.json,PASS,
03-03-2019,0538PM,AddFeeLoanAccount_SlabCreate,23,C:\ACorn\jsonPayload\03-03-2019_0536PM\testScenario_for_API__AddFeeLoanAccount_SlabCreate23.json,C:\ACorn\jsonOutput\03-03-2019_0536PM\AddFeeLoanAccount_SlabCreatejsonOutput_23.json,PASS,
03-03-2019,0538PM,AddFeeLoanAccount_SlabCreate,24,C:\ACorn\jsonPayload\03-03-2019_0536PM\testScenario_for_API__AddFeeLoanAccount_SlabCreate24.json,C:\ACorn\jsonOutput\03-03-2019_0536PM\AddFeeLoanAccount_SlabCreatejsonOutput_24.json,PASS,
03-03-2019,0538PM,AddFeeLoanAccount_SlabCreate,25,C:\ACorn\jsonPayload\03-03-2019_0536PM\testScenario_for_API__AddFeeLoanAccount_SlabCreate25.json,C:\ACorn\jsonOutput\03-03-2019_0536PM\AddFeeLoanAccount_SlabCreatejsonOutput_25.json,PASS,
03-03-2019,0538PM,AddFeeLoanAccount_SlabCreate,26,C:\ACorn\jsonPayload\03-03-2019_0536PM\testScenario_for_API__AddFeeLoanAccount_SlabCreate26.json,C:\ACorn\jsonOutput\03-03-2019_0536PM\AddFeeLoanAccount_SlabCreatejsonOutput_26.json,PASS,
03-03-2019,0538PM,AddFeeLoanAccount_SlabCreate,27,C:\ACorn\jsonPayload\03-03-2019_0536PM\testScenario_for_API__AddFeeLoanAccount_SlabCreate27.json,C:\ACorn\jsonOutput\03-03-2019_0536PM\AddFeeLoanAccount_SlabCreatejsonOutput_27.json,PASS,
03-03-2019,0538PM,AddFeeLoanAccount_SlabCreate,28,C:\ACorn\jsonPayload\03-03-2019_0536PM\testScenario_for_API__AddFeeLoanAccount_SlabCreate28.json,C:\ACorn\jsonOutput\03-03-2019_0536PM\AddFeeLoanAccount_SlabCreatejsonOutput_28.json,PASS,
03-03-2019,0538PM,AddFeeLoanAccount_SlabCreate,29,C:\ACorn\jsonPayload\03-03-2019_0536PM\testScenario_for_API__AddFeeLoanAccount_SlabCreate29.json,C:\ACorn\jsonOutput\03-03-2019_0536PM\AddFeeLoanAccount_SlabCreatejsonOutput_29.json,PASS,
03-03-2019,0538PM,AddFeeLoanAccount_SlabCreate,30,C:\ACorn\jsonPayload\03-03-2019_0536PM\testScenario_for_API__AddFeeLoanAccount_SlabCreate30.json,C:\ACorn\jsonOutput\03-03-2019_0536PM\AddFeeLoanAccount_SlabCreatejsonOutput_30.json,PASS,
03-03-2019,0538PM,AddFeeLoanAccount_SlabCreate,31,C:\ACorn\jsonPayload\03-03-2019_0536PM\testScenario_for_API__AddFeeLoanAccount_SlabCreate31.json,C:\ACorn\jsonOutput\03-03-2019_0536PM\AddFeeLoanAccount_SlabCreatejsonOutput_31.json,PASS,
03-03-2019,0538PM,AddFeeLoanAccount_SlabCreate,32,C:\ACorn\jsonPayload\03-03-2019_0536PM\testScenario_for_API__AddFeeLoanAccount_SlabCreate32.json,C:\ACorn\jsonOutput\03-03-2019_0536PM\AddFeeLoanAccount_SlabCreatejsonOutput_32.json,PASS,
03-03-2019,0538PM,AddFeeLoanAccount_SlabCreate,33,C:\ACorn\jsonPayload\03-03-2019_0536PM\testScenario_for_API__AddFeeLoanAccount_SlabCreate33.json,C:\ACorn\jsonOutput\03-03-2019_0536PM\AddFeeLoanAccount_SlabCreatejsonOutput_33.json,PASS,
03-03-2019,0538PM,AddFeeLoanAccount_SlabCreate,34,C:\ACorn\jsonPayload\03-03-2019_0536PM\testScenario_for_API__AddFeeLoanAccount_SlabCreate34.json,C:\ACorn\jsonOutput\03-03-2019_0536PM\AddFeeLoanAccount_SlabCreatejsonOutput_34.json,PASS,
03-03-2019,0538PM,AddFeeLoanAccount_SlabCreate,35,C:\ACorn\jsonPayload\03-03-2019_0536PM\testScenario_for_API__AddFeeLoanAccount_SlabCreate35.json,C:\ACorn\jsonOutput\03-03-2019_0536PM\AddFeeLoanAccount_SlabCreatejsonOutput_35.json,PASS,
03-03-2019,0538PM,AddFeeLoanAccount_SlabCreate,36,C:\ACorn\jsonPayload\03-03-2019_0536PM\testScenario_for_API__AddFeeLoanAccount_SlabCreate36.json,C:\ACorn\jsonOutput\03-03-2019_0536PM\AddFeeLoanAccount_SlabCreatejsonOutput_36.json,PASS,
03-03-2019,0538PM,AddFeeLoanAccount_SlabCreate,37,C:\ACorn\jsonPayload\03-03-2019_0536PM\testScenario_for_API__AddFeeLoanAccount_SlabCreate37.json,C:\ACorn\jsonOutput\03-03-2019_0536PM\AddFeeLoanAccount_SlabCreatejsonOutput_37.json,PASS,
03-03-2019,0538PM,AddFeeLoanAccount_SlabCreate,38,C:\ACorn\jsonPayload\03-03-2019_0536PM\testScenario_for_API__AddFeeLoanAccount_SlabCreate38.json,C:\ACorn\jsonOutput\03-03-2019_0536PM\AddFeeLoanAccount_SlabCreatejsonOutput_38.json,PASS,
03-03-2019,0538PM,AddFeeLoanAccount_SlabCreate,39,C:\ACorn\jsonPayload\03-03-2019_0536PM\testScenario_for_API__AddFeeLoanAccount_SlabCreate39.json,C:\ACorn\jsonOutput\03-03-2019_0536PM\AddFeeLoanAccount_SlabCreatejsonOutput_39.json,PASS,
03-03-2019,0538PM,AddFeeLoanAccount_SlabCreate,40,C:\ACorn\jsonPayload\03-03-2019_0536PM\testScenario_for_API__AddFeeLoanAccount_SlabCreate40.json,C:\ACorn\jsonOutput\03-03-2019_0536PM\AddFeeLoanAccount_SlabCreatejsonOutput_40.json,PASS,
03-03-2019,0538PM,AddFeeLoanAccount_SlabCreate,41,C:\ACorn\jsonPayload\03-03-2019_0536PM\testScenario_for_API__AddFeeLoanAccount_SlabCreate41.json,C:\ACorn\jsonOutput\03-03-2019_0536PM\AddFeeLoanAccount_SlabCreatejsonOutput_41.json,PASS,
03-03-2019,0538PM,AddFeeLoanAccount_SlabCreate,42,C:\ACorn\jsonPayload\03-03-2019_0536PM\testScenario_for_API__AddFeeLoanAccount_SlabCreate42.json,C:\ACorn\jsonOutput\03-03-2019_0536PM\AddFeeLoanAccount_SlabCreatejsonOutput_42.json,PASS,
03-03-2019,0538PM,AddFeeLoanAccount_SlabCreate,43,C:\ACorn\jsonPayload\03-03-2019_0536PM\testScenario_for_API__AddFeeLoanAccount_SlabCreate43.json,C:\ACorn\jsonOutput\03-03-2019_0536PM\AddFeeLoanAccount_SlabCreatejsonOutput_43.json,PASS,
03-03-2019,0538PM,AddFeeLoanAccount_SlabCreate,44,C:\ACorn\jsonPayload\03-03-2019_0536PM\testScenario_for_API__AddFeeLoanAccount_SlabCreate44.json,C:\ACorn\jsonOutput\03-03-2019_0536PM\AddFeeLoanAccount_SlabCreatejsonOutput_44.json,PASS,
03-03-2019,0538PM,AddFeeLoanAccount_SlabCreate,45,C:\ACorn\jsonPayload\03-03-2019_0536PM\testScenario_for_API__AddFeeLoanAccount_SlabCreate45.json,C:\ACorn\jsonOutput\03-03-2019_0536PM\AddFeeLoanAccount_SlabCreatejsonOutput_45.json,PASS,
03-03-2019,0538PM,AddFeeLoanAccount_SlabCreate,46,C:\ACorn\jsonPayload\03-03-2019_0536PM\testScenario_for_API__AddFeeLoanAccount_SlabCreate46.json,C:\ACorn\jsonOutput\03-03-2019_0536PM\AddFeeLoanAccount_SlabCreatejsonOutput_46.json,PASS,
03-03-2019,0539PM,AddFeeLoanAccount_SlabCreate,47,C:\ACorn\jsonPayload\03-03-2019_0536PM\testScenario_for_API__AddFeeLoanAccount_SlabCreate47.json,C:\ACorn\jsonOutput\03-03-2019_0536PM\AddFeeLoanAccount_SlabCreatejsonOutput_47.json,PASS,
03-03-2019,0539PM,AddFeeLoanAccount_SlabCreate,48,C:\ACorn\jsonPayload\03-03-2019_0536PM\testScenario_for_API__AddFeeLoanAccount_SlabCreate48.json,C:\ACorn\jsonOutput\03-03-2019_0536PM\AddFeeLoanAccount_SlabCreatejsonOutput_48.json,PASS,
03-03-2019,0539PM,AddFeeLoanAccount_SlabCreate,49,C:\ACorn\jsonPayload\03-03-2019_0536PM\testScenario_for_API__AddFeeLoanAccount_SlabCreate49.json,C:\ACorn\jsonOutput\03-03-2019_0536PM\AddFeeLoanAccount_SlabCreatejsonOutput_49.json,PASS,
03-03-2019,0539PM,AddFeeLoanAccount_SlabCreate,50,C:\ACorn\jsonPayload\03-03-2019_0536PM\testScenario_for_API__AddFeeLoanAccount_SlabCreate50.json,C:\ACorn\jsonOutput\03-03-2019_0536PM\AddFeeLoanAccount_SlabCreatejsonOutput_50.json,PASS,
03-03-2019,0539PM,AddFeeLoanAccount_SlabCreate,51,C:\ACorn\jsonPayload\03-03-2019_0536PM\testScenario_for_API__AddFeeLoanAccount_SlabCreate51.json,C:\ACorn\jsonOutput\03-03-2019_0536PM\AddFeeLoanAccount_SlabCreatejsonOutput_51.json,PASS,
03-03-2019,0539PM,AddFeeLoanAccount_SlabCreate,52,C:\ACorn\jsonPayload\03-03-2019_0536PM\testScenario_for_API__AddFeeLoanAccount_SlabCreate52.json,C:\ACorn\jsonOutput\03-03-2019_0536PM\AddFeeLoanAccount_SlabCreatejsonOutput_52.json,PASS,
03-03-2019,0539PM,AddFeeLoanAccount_SlabCreate,53,C:\ACorn\jsonPayload\03-03-2019_0536PM\testScenario_for_API__AddFeeLoanAccount_SlabCreate53.json,C:\ACorn\jsonOutput\03-03-2019_0536PM\AddFeeLoanAccount_SlabCreatejsonOutput_53.json,PASS,
03-03-2019,0539PM,AddFeeLoanAccount_SlabCreate,54,C:\ACorn\jsonPayload\03-03-2019_0536PM\testScenario_for_API__AddFeeLoanAccount_SlabCreate54.json,C:\ACorn\jsonOutput\03-03-2019_0536PM\AddFeeLoanAccount_SlabCreatejsonOutput_54.json,PASS,
03-03-2019,0539PM,AddFeeLoanAccount_SlabCreate,55,C:\ACorn\jsonPayload\03-03-2019_0536PM\testScenario_for_API__AddFeeLoanAccount_SlabCreate55.json,C:\ACorn\jsonOutput\03-03-2019_0536PM\AddFeeLoanAccount_SlabCreatejsonOutput_55.json,PASS,
03-03-2019,0539PM,AddFeeLoanAccount_SlabCreate,56,C:\ACorn\jsonPayload\03-03-2019_0536PM\testScenario_for_API__AddFeeLoanAccount_SlabCreate56.json,C:\ACorn\jsonOutput\03-03-2019_0536PM\AddFeeLoanAccount_SlabCreatejsonOutput_56.json,PASS,
03-03-2019,0539PM,AddFeeLoanAccount_SlabCreate,57,C:\ACorn\jsonPayload\03-03-2019_0536PM\testScenario_for_API__AddFeeLoanAccount_SlabCreate57.json,C:\ACorn\jsonOutput\03-03-2019_0536PM\AddFeeLoanAccount_SlabCreatejsonOutput_57.json,PASS,
03-03-2019,0539PM,AddFeeLoanAccount_SlabCreate,58,C:\ACorn\jsonPayload\03-03-2019_0536PM\testScenario_for_API__AddFeeLoanAccount_SlabCreate58.json,C:\ACorn\jsonOutput\03-03-2019_0536PM\AddFeeLoanAccount_SlabCreatejsonOutput_58.json,FAIL,Actual response code received is 500
03-03-2019,0539PM,AddFeeLoanAccount_SlabCreate,59,C:\ACorn\jsonPayload\03-03-2019_0536PM\testScenario_for_API__AddFeeLoanAccount_SlabCreate59.json,C:\ACorn\jsonOutput\03-03-2019_0536PM\AddFeeLoanAccount_SlabCreatejsonOutput_59.json,PASS,
03-03-2019,0539PM,AddFeeLoanAccount_SlabCreate,60,C:\ACorn\jsonPayload\03-03-2019_0536PM\testScenario_for_API__AddFeeLoanAccount_SlabCreate60.json,C:\ACorn\jsonOutput\03-03-2019_0536PM\AddFeeLoanAccount_SlabCreatejsonOutput_60.json,PASS,
03-03-2019,0539PM,AddFeeLoanAccount_SlabCreate,61,C:\ACorn\jsonPayload\03-03-2019_0536PM\testScenario_for_API__AddFeeLoanAccount_SlabCreate61.json,C:\ACorn\jsonOutput\03-03-2019_0536PM\AddFeeLoanAccount_SlabCreatejsonOutput_61.json,PASS,
03-03-2019,0539PM,AddFeeLoanAccount_SlabCreate,62,C:\ACorn\jsonPayload\03-03-2019_0536PM\testScenario_for_API__AddFeeLoanAccount_SlabCreate62.json,C:\ACorn\jsonOutput\03-03-2019_0536PM\AddFeeLoanAccount_SlabCreatejsonOutput_62.json,PASS,
03-03-2019,0539PM,AddFeeLoanAccount_SlabCreate,63,C:\ACorn\jsonPayload\03-03-2019_0536PM\testScenario_for_API__AddFeeLoanAccount_SlabCreate63.json,C:\ACorn\jsonOutput\03-03-2019_0536PM\AddFeeLoanAccount_SlabCreatejsonOutput_63.json,FAIL,Actual response code received is 500
03-03-2019,0539PM,AddFeeLoanAccount_SlabCreate,64,C:\ACorn\jsonPayload\03-03-2019_0536PM\testScenario_for_API__AddFeeLoanAccount_SlabCreate64.json,C:\ACorn\jsonOutput\03-03-2019_0536PM\AddFeeLoanAccount_SlabCreatejsonOutput_64.json,PASS,
03-03-2019,0539PM,AddFeeLoanAccount_SlabCreate,65,C:\ACorn\jsonPayload\03-03-2019_0536PM\testScenario_for_API__AddFeeLoanAccount_SlabCreate65.json,C:\ACorn\jsonOutput\03-03-2019_0536PM\AddFeeLoanAccount_SlabCreatejsonOutput_65.json,PASS,
03-03-2019,0539PM,AddFeeLoanAccount_SlabCreate,66,C:\ACorn\jsonPayload\03-03-2019_0536PM\testScenario_for_API__AddFeeLoanAccount_SlabCreate66.json,C:\ACorn\jsonOutput\03-03-2019_0536PM\AddFeeLoanAccount_SlabCreatejsonOutput_66.json,PASS,
03-03-2019,0539PM,AddFeeLoanAccount_SlabCreate,67,C:\ACorn\jsonPayload\03-03-2019_0536PM\testScenario_for_API__AddFeeLoanAccount_SlabCreate67.json,C:\ACorn\jsonOutput\03-03-2019_0536PM\AddFeeLoanAccount_SlabCreatejsonOutput_67.json,PASS,
03-03-2019,0539PM,AddFeeLoanAccount_SlabCreate,68,C:\ACorn\jsonPayload\03-03-2019_0536PM\testScenario_for_API__AddFeeLoanAccount_SlabCreate68.json,C:\ACorn\jsonOutput\03-03-2019_0536PM\AddFeeLoanAccount_SlabCreatejsonOutput_68.json,PASS,
03-03-2019,0539PM,AddFeeLoanAccount_SlabCreate,69,C:\ACorn\jsonPayload\03-03-2019_0536PM\testScenario_for_API__AddFeeLoanAccount_SlabCreate69.json,C:\ACorn\jsonOutput\03-03-2019_0536PM\AddFeeLoanAccount_SlabCreatejsonOutput_69.json,PASS,
03-03-2019,0539PM,AddFeeLoanAccount_SlabCreate,70,C:\ACorn\jsonPayload\03-03-2019_0536PM\testScenario_for_API__AddFeeLoanAccount_SlabCreate70.json,C:\ACorn\jsonOutput\03-03-2019_0536PM\AddFeeLoanAccount_SlabCreatejsonOutput_70.json,PASS,
03-03-2019,0539PM,AddFeeLoanAccount_SlabCreate,71,C:\ACorn\jsonPayload\03-03-2019_0536PM\testScenario_for_API__AddFeeLoanAccount_SlabCreate71.json,C:\ACorn\jsonOutput\03-03-2019_0536PM\AddFeeLoanAccount_SlabCreatejsonOutput_71.json,PASS,
03-03-2019,0539PM,AddFeeLoanAccount_SlabCreate,72,C:\ACorn\jsonPayload\03-03-2019_0536PM\testScenario_for_API__AddFeeLoanAccount_SlabCreate72.json,C:\ACorn\jsonOutput\03-03-2019_0536PM\AddFeeLoanAccount_SlabCreatejsonOutput_72.json,PASS,
03-03-2019,0539PM,AddFeeLoanAccount_SlabCreate,73,C:\ACorn\jsonPayload\03-03-2019_0536PM\testScenario_for_API__AddFeeLoanAccount_SlabCreate73.json,C:\ACorn\jsonOutput\03-03-2019_0536PM\AddFeeLoanAccount_SlabCreatejsonOutput_73.json,PASS,
03-03-2019,0539PM,AddFeeLoanAccount_SlabCreate,74,C:\ACorn\jsonPayload\03-03-2019_0536PM\testScenario_for_API__AddFeeLoanAccount_SlabCreate74.json,C:\ACorn\jsonOutput\03-03-2019_0536PM\AddFeeLoanAccount_SlabCreatejsonOutput_74.json,PASS,
03-03-2019,0540PM,AddFeeLoanAccount_SlabCreate,75,C:\ACorn\jsonPayload\03-03-2019_0536PM\testScenario_for_API__AddFeeLoanAccount_SlabCreate75.json,C:\ACorn\jsonOutput\03-03-2019_0536PM\AddFeeLoanAccount_SlabCreatejsonOutput_75.json,PASS,
03-03-2019,0540PM,AddFeeLoanAccount_SlabCreate,76,C:\ACorn\jsonPayload\03-03-2019_0536PM\testScenario_for_API__AddFeeLoanAccount_SlabCreate76.json,C:\ACorn\jsonOutput\03-03-2019_0536PM\AddFeeLoanAccount_SlabCreatejsonOutput_76.json,PASS,
03-03-2019,0540PM,AddFeeLoanAccount_SlabCreate,77,C:\ACorn\jsonPayload\03-03-2019_0536PM\testScenario_for_API__AddFeeLoanAccount_SlabCreate77.json,C:\ACorn\jsonOutput\03-03-2019_0536PM\AddFeeLoanAccount_SlabCreatejsonOutput_77.json,PASS,
03-03-2019,0540PM,AddFeeLoanAccount_SlabCreate,78,C:\ACorn\jsonPayload\03-03-2019_0536PM\testScenario_for_API__AddFeeLoanAccount_SlabCreate78.json,C:\ACorn\jsonOutput\03-03-2019_0536PM\AddFeeLoanAccount_SlabCreatejsonOutput_78.json,PASS,
03-03-2019,0540PM,AddFeeLoanAccount_SlabCreate,79,C:\ACorn\jsonPayload\03-03-2019_0536PM\testScenario_for_API__AddFeeLoanAccount_SlabCreate79.json,C:\ACorn\jsonOutput\03-03-2019_0536PM\AddFeeLoanAccount_SlabCreatejsonOutput_79.json,PASS,
03-03-2019,0540PM,AddFeeLoanAccount_SlabCreate,80,C:\ACorn\jsonPayload\03-03-2019_0536PM\testScenario_for_API__AddFeeLoanAccount_SlabCreate80.json,C:\ACorn\jsonOutput\03-03-2019_0536PM\AddFeeLoanAccount_SlabCreatejsonOutput_80.json,PASS,
03-03-2019,0540PM,AddFeeLoanAccount_SlabCreate,81,C:\ACorn\jsonPayload\03-03-2019_0536PM\testScenario_for_API__AddFeeLoanAccount_SlabCreate81.json,C:\ACorn\jsonOutput\03-03-2019_0536PM\AddFeeLoanAccount_SlabCreatejsonOutput_81.json,PASS,
03-03-2019,0540PM,AddFeeLoanAccount_SlabCreate,82,C:\ACorn\jsonPayload\03-03-2019_0536PM\testScenario_for_API__AddFeeLoanAccount_SlabCreate82.json,C:\ACorn\jsonOutput\03-03-2019_0536PM\AddFeeLoanAccount_SlabCreatejsonOutput_82.json,PASS,
03-03-2019,0540PM,AddFeeLoanAccount_SlabCreate,83,C:\ACorn\jsonPayload\03-03-2019_0536PM\testScenario_for_API__AddFeeLoanAccount_SlabCreate83.json,C:\ACorn\jsonOutput\03-03-2019_0536PM\AddFeeLoanAccount_SlabCreatejsonOutput_83.json,PASS,
03-03-2019,0540PM,AddFeeLoanAccount_SlabCreate,84,C:\ACorn\jsonPayload\03-03-2019_0536PM\testScenario_for_API__AddFeeLoanAccount_SlabCreate84.json,C:\ACorn\jsonOutput\03-03-2019_0536PM\AddFeeLoanAccount_SlabCreatejsonOutput_84.json,PASS,
03-03-2019,0540PM,AddFeeLoanAccount_SlabCreate,85,C:\ACorn\jsonPayload\03-03-2019_0536PM\testScenario_for_API__AddFeeLoanAccount_SlabCreate85.json,C:\ACorn\jsonOutput\03-03-2019_0536PM\AddFeeLoanAccount_SlabCreatejsonOutput_85.json,PASS,
03-03-2019,0540PM,AddFeeLoanAccount_SlabCreate,86,C:\ACorn\jsonPayload\03-03-2019_0536PM\testScenario_for_API__AddFeeLoanAccount_SlabCreate86.json,C:\ACorn\jsonOutput\03-03-2019_0536PM\AddFeeLoanAccount_SlabCreatejsonOutput_86.json,PASS,
03-03-2019,0540PM,AddFeeLoanAccount_SlabCreate,87,C:\ACorn\jsonPayload\03-03-2019_0536PM\testScenario_for_API__AddFeeLoanAccount_SlabCreate87.json,C:\ACorn\jsonOutput\03-03-2019_0536PM\AddFeeLoanAccount_SlabCreatejsonOutput_87.json,PASS,
03-03-2019,0540PM,AddFeeLoanAccount_SlabCreate,88,C:\ACorn\jsonPayload\03-03-2019_0536PM\testScenario_for_API__AddFeeLoanAccount_SlabCreate88.json,C:\ACorn\jsonOutput\03-03-2019_0536PM\AddFeeLoanAccount_SlabCreatejsonOutput_88.json,PASS,
03-03-2019,0540PM,AddFeeLoanAccount_SlabCreate,89,C:\ACorn\jsonPayload\03-03-2019_0536PM\testScenario_for_API__AddFeeLoanAccount_SlabCreate89.json,C:\ACorn\jsonOutput\03-03-2019_0536PM\AddFeeLoanAccount_SlabCreatejsonOutput_89.json,PASS,
03-03-2019,0540PM,AddFeeLoanAccount_SlabCreate,90,C:\ACorn\jsonPayload\03-03-2019_0536PM\testScenario_for_API__AddFeeLoanAccount_SlabCreate90.json,C:\ACorn\jsonOutput\03-03-2019_0536PM\AddFeeLoanAccount_SlabCreatejsonOutput_90.json,PASS,
03-03-2019,0540PM,AddFeeLoanAccount_SlabCreate,91,C:\ACorn\jsonPayload\03-03-2019_0536PM\testScenario_for_API__AddFeeLoanAccount_SlabCreate91.json,C:\ACorn\jsonOutput\03-03-2019_0536PM\AddFeeLoanAccount_SlabCreatejsonOutput_91.json,PASS,
03-03-2019,0540PM,AddFeeLoanAccount_SlabCreate,92,C:\ACorn\jsonPayload\03-03-2019_0536PM\testScenario_for_API__AddFeeLoanAccount_SlabCreate92.json,C:\ACorn\jsonOutput\03-03-2019_0536PM\AddFeeLoanAccount_SlabCreatejsonOutput_92.json,PASS,
03-03-2019,0540PM,AddFeeLoanAccount_SlabCreate,93,C:\ACorn\jsonPayload\03-03-2019_0536PM\testScenario_for_API__AddFeeLoanAccount_SlabCreate93.json,C:\ACorn\jsonOutput\03-03-2019_0536PM\AddFeeLoanAccount_SlabCreatejsonOutput_93.json,PASS,
03-03-2019,0540PM,AddFeeLoanAccount_SlabCreate,94,C:\ACorn\jsonPayload\03-03-2019_0536PM\testScenario_for_API__AddFeeLoanAccount_SlabCreate94.json,C:\ACorn\jsonOutput\03-03-2019_0536PM\AddFeeLoanAccount_SlabCreatejsonOutput_94.json,FAIL,Actual response code received is 500
03-03-2019,0540PM,AddFeeLoanAccount_SlabCreate,95,C:\ACorn\jsonPayload\03-03-2019_0536PM\testScenario_for_API__AddFeeLoanAccount_SlabCreate95.json,C:\ACorn\jsonOutput\03-03-2019_0536PM\AddFeeLoanAccount_SlabCreatejsonOutput_95.json,PASS,
03-03-2019,0540PM,AddFeeLoanAccount_SlabCreate,96,C:\ACorn\jsonPayload\03-03-2019_0536PM\testScenario_for_API__AddFeeLoanAccount_SlabCreate96.json,C:\ACorn\jsonOutput\03-03-2019_0536PM\AddFeeLoanAccount_SlabCreatejsonOutput_96.json,PASS,
03-03-2019,0540PM,AddFeeLoanAccount_SlabCreate,97,C:\ACorn\jsonPayload\03-03-2019_0536PM\testScenario_for_API__AddFeeLoanAccount_SlabCreate97.json,C:\ACorn\jsonOutput\03-03-2019_0536PM\AddFeeLoanAccount_SlabCreatejsonOutput_97.json,PASS,
03-03-2019,0540PM,AddFeeLoanAccount_SlabCreate,98,C:\ACorn\jsonPayload\03-03-2019_0536PM\testScenario_for_API__AddFeeLoanAccount_SlabCreate98.json,C:\ACorn\jsonOutput\03-03-2019_0536PM\AddFeeLoanAccount_SlabCreatejsonOutput_98.json,PASS,
03-03-2019,0540PM,AddFeeLoanAccount_SlabCreate,99,C:\ACorn\jsonPayload\03-03-2019_0536PM\testScenario_for_API__AddFeeLoanAccount_SlabCreate99.json,C:\ACorn\jsonOutput\03-03-2019_0536PM\AddFeeLoanAccount_SlabCreatejsonOutput_99.json,PASS,
03-03-2019,0540PM,AddFeeLoanAccount_SlabCreate,100,C:\ACorn\jsonPayload\03-03-2019_0536PM\testScenario_for_API__AddFeeLoanAccount_SlabCreate100.json,C:\ACorn\jsonOutput\03-03-2019_0536PM\AddFeeLoanAccount_SlabCreatejsonOutput_100.json,PASS,
03-03-2019,0540PM,AddFeeLoanAccount_SlabCreate,101,C:\ACorn\jsonPayload\03-03-2019_0536PM\testScenario_for_API__AddFeeLoanAccount_SlabCreate101.json,C:\ACorn\jsonOutput\03-03-2019_0536PM\AddFeeLoanAccount_SlabCreatejsonOutput_101.json,PASS,
03-03-2019,0541PM,AddFeeLoanAccount_SlabCreate,102,C:\ACorn\jsonPayload\03-03-2019_0536PM\testScenario_for_API__AddFeeLoanAccount_SlabCreate102.json,C:\ACorn\jsonOutput\03-03-2019_0536PM\AddFeeLoanAccount_SlabCreatejsonOutput_102.json,PASS,
03-03-2019,0541PM,AddFeeLoanAccount_SlabCreate,103,C:\ACorn\jsonPayload\03-03-2019_0536PM\testScenario_for_API__AddFeeLoanAccount_SlabCreate103.json,C:\ACorn\jsonOutput\03-03-2019_0536PM\AddFeeLoanAccount_SlabCreatejsonOutput_103.json,PASS,
03-03-2019,0541PM,AddFeeLoanAccount_SlabCreate,104,C:\ACorn\jsonPayload\03-03-2019_0536PM\testScenario_for_API__AddFeeLoanAccount_SlabCreate104.json,C:\ACorn\jsonOutput\03-03-2019_0536PM\AddFeeLoanAccount_SlabCreatejsonOutput_104.json,PASS,
03-03-2019,0541PM,AddFeeLoanAccount_SlabCreate,105,C:\ACorn\jsonPayload\03-03-2019_0536PM\testScenario_for_API__AddFeeLoanAccount_SlabCreate105.json,C:\ACorn\jsonOutput\03-03-2019_0536PM\AddFeeLoanAccount_SlabCreatejsonOutput_105.json,PASS,
03-03-2019,0541PM,AddFeeLoanAccount_SlabCreate,106,C:\ACorn\jsonPayload\03-03-2019_0536PM\testScenario_for_API__AddFeeLoanAccount_SlabCreate106.json,C:\ACorn\jsonOutput\03-03-2019_0536PM\AddFeeLoanAccount_SlabCreatejsonOutput_106.json,PASS,
03-03-2019,0541PM,AddFeeLoanAccount_SlabCreate,107,C:\ACorn\jsonPayload\03-03-2019_0536PM\testScenario_for_API__AddFeeLoanAccount_SlabCreate107.json,C:\ACorn\jsonOutput\03-03-2019_0536PM\AddFeeLoanAccount_SlabCreatejsonOutput_107.json,PASS,
03-03-2019,0541PM,AddFeeLoanAccount_SlabCreate,108,C:\ACorn\jsonPayload\03-03-2019_0536PM\testScenario_for_API__AddFeeLoanAccount_SlabCreate108.json,C:\ACorn\jsonOutput\03-03-2019_0536PM\AddFeeLoanAccount_SlabCreatejsonOutput_108.json,PASS,
03-03-2019,0541PM,AddFeeLoanAccount_SlabCreate,109,C:\ACorn\jsonPayload\03-03-2019_0536PM\testScenario_for_API__AddFeeLoanAccount_SlabCreate109.json,C:\ACorn\jsonOutput\03-03-2019_0536PM\AddFeeLoanAccount_SlabCreatejsonOutput_109.json,PASS,
03-03-2019,0541PM,AddFeeLoanAccount_SlabCreate,110,C:\ACorn\jsonPayload\03-03-2019_0536PM\testScenario_for_API__AddFeeLoanAccount_SlabCreate110.json,C:\ACorn\jsonOutput\03-03-2019_0536PM\AddFeeLoanAccount_SlabCreatejsonOutput_110.json,PASS,
03-03-2019,0541PM,AddFeeLoanAccount_SlabCreate,111,C:\ACorn\jsonPayload\03-03-2019_0536PM\testScenario_for_API__AddFeeLoanAccount_SlabCreate111.json,C:\ACorn\jsonOutput\03-03-2019_0536PM\AddFeeLoanAccount_SlabCreatejsonOutput_111.json,PASS,
03-03-2019,0541PM,AddFeeLoanAccount_SlabCreate,112,C:\ACorn\jsonPayload\03-03-2019_0536PM\testScenario_for_API__AddFeeLoanAccount_SlabCreate112.json,C:\ACorn\jsonOutput\03-03-2019_0536PM\AddFeeLoanAccount_SlabCreatejsonOutput_112.json,PASS,
03-03-2019,0541PM,AddFeeLoanAccount_SlabCreate,113,C:\ACorn\jsonPayload\03-03-2019_0536PM\testScenario_for_API__AddFeeLoanAccount_SlabCreate113.json,C:\ACorn\jsonOutput\03-03-2019_0536PM\AddFeeLoanAccount_SlabCreatejsonOutput_113.json,PASS,
03-03-2019,0541PM,AddFeeLoanAccount_SlabCreate,114,C:\ACorn\jsonPayload\03-03-2019_0536PM\testScenario_for_API__AddFeeLoanAccount_SlabCreate114.json,C:\ACorn\jsonOutput\03-03-2019_0536PM\AddFeeLoanAccount_SlabCreatejsonOutput_114.json,PASS,
03-03-2019,0541PM,AddFeeLoanAccount_SlabCreate,115,C:\ACorn\jsonPayload\03-03-2019_0536PM\testScenario_for_API__AddFeeLoanAccount_SlabCreate115.json,C:\ACorn\jsonOutput\03-03-2019_0536PM\AddFeeLoanAccount_SlabCreatejsonOutput_115.json,PASS,
03-03-2019,0541PM,AddFeeLoanAccount_SlabCreate,116,C:\ACorn\jsonPayload\03-03-2019_0536PM\testScenario_for_API__AddFeeLoanAccount_SlabCreate116.json,C:\ACorn\jsonOutput\03-03-2019_0536PM\AddFeeLoanAccount_SlabCreatejsonOutput_116.json,PASS,
03-03-2019,0541PM,AddFeeLoanAccount_SlabCreate,117,C:\ACorn\jsonPayload\03-03-2019_0536PM\testScenario_for_API__AddFeeLoanAccount_SlabCreate117.json,C:\ACorn\jsonOutput\03-03-2019_0536PM\AddFeeLoanAccount_SlabCreatejsonOutput_117.json,PASS,
03-03-2019,0541PM,AddFeeLoanAccount_SlabCreate,118,C:\ACorn\jsonPayload\03-03-2019_0536PM\testScenario_for_API__AddFeeLoanAccount_SlabCreate118.json,C:\ACorn\jsonOutput\03-03-2019_0536PM\AddFeeLoanAccount_SlabCreatejsonOutput_118.json,PASS,
03-03-2019,0541PM,AddFeeLoanAccount_SlabCreate,119,C:\ACorn\jsonPayload\03-03-2019_0536PM\testScenario_for_API__AddFeeLoanAccount_SlabCreate119.json,C:\ACorn\jsonOutput\03-03-2019_0536PM\AddFeeLoanAccount_SlabCreatejsonOutput_119.json,PASS,
03-03-2019,0541PM,AddFeeLoanAccount_SlabCreate,120,C:\ACorn\jsonPayload\03-03-2019_0536PM\testScenario_for_API__AddFeeLoanAccount_SlabCreate120.json,C:\ACorn\jsonOutput\03-03-2019_0536PM\AddFeeLoanAccount_SlabCreatejsonOutput_120.json,PASS,
03-03-2019,0541PM,AddFeeLoanAccount_SlabCreate,121,C:\ACorn\jsonPayload\03-03-2019_0536PM\testScenario_for_API__AddFeeLoanAccount_SlabCreate121.json,C:\ACorn\jsonOutput\03-03-2019_0536PM\AddFeeLoanAccount_SlabCreatejsonOutput_121.json,PASS,
03-03-2019,0541PM,AddFeeLoanAccount_SlabCreate,122,C:\ACorn\jsonPayload\03-03-2019_0536PM\testScenario_for_API__AddFeeLoanAccount_SlabCreate122.json,C:\ACorn\jsonOutput\03-03-2019_0536PM\AddFeeLoanAccount_SlabCreatejsonOutput_122.json,PASS,
03-03-2019,0541PM,AddFeeLoanAccount_SlabCreate,123,C:\ACorn\jsonPayload\03-03-2019_0536PM\testScenario_for_API__AddFeeLoanAccount_SlabCreate123.json,C:\ACorn\jsonOutput\03-03-2019_0536PM\AddFeeLoanAccount_SlabCreatejsonOutput_123.json,PASS,
03-03-2019,0541PM,AddFeeLoanAccount_SlabCreate,124,C:\ACorn\jsonPayload\03-03-2019_0536PM\testScenario_for_API__AddFeeLoanAccount_SlabCreate124.json,C:\ACorn\jsonOutput\03-03-2019_0536PM\AddFeeLoanAccount_SlabCreatejsonOutput_124.json,PASS,
03-03-2019,0541PM,AddFeeLoanAccount_SlabCreate,125,C:\ACorn\jsonPayload\03-03-2019_0536PM\testScenario_for_API__AddFeeLoanAccount_SlabCreate125.json,C:\ACorn\jsonOutput\03-03-2019_0536PM\AddFeeLoanAccount_SlabCreatejsonOutput_125.json,PASS,
03-03-2019,0541PM,AddFeeLoanAccount_SlabCreate,126,C:\ACorn\jsonPayload\03-03-2019_0536PM\testScenario_for_API__AddFeeLoanAccount_SlabCreate126.json,C:\ACorn\jsonOutput\03-03-2019_0536PM\AddFeeLoanAccount_SlabCreatejsonOutput_126.json,PASS,
03-03-2019,0541PM,AddFeeLoanAccount_SlabCreate,127,C:\ACorn\jsonPayload\03-03-2019_0536PM\testScenario_for_API__AddFeeLoanAccount_SlabCreate127.json,C:\ACorn\jsonOutput\03-03-2019_0536PM\AddFeeLoanAccount_SlabCreatejsonOutput_127.json,PASS,
03-03-2019,0541PM,AddFeeLoanAccount_SlabCreate,128,C:\ACorn\jsonPayload\03-03-2019_0536PM\testScenario_for_API__AddFeeLoanAccount_SlabCreate128.json,C:\ACorn\jsonOutput\03-03-2019_0536PM\AddFeeLoanAccount_SlabCreatejsonOutput_128.json,PASS,
03-03-2019,0542PM,AddFeeLoanAccount_SlabCreate,129,C:\ACorn\jsonPayload\03-03-2019_0536PM\testScenario_for_API__AddFeeLoanAccount_SlabCreate129.json,C:\ACorn\jsonOutput\03-03-2019_0536PM\AddFeeLoanAccount_SlabCreatejsonOutput_129.json,PASS,
03-03-2019,0542PM,AddFeeLoanAccount_SlabCreate,130,C:\ACorn\jsonPayload\03-03-2019_0536PM\testScenario_for_API__AddFeeLoanAccount_SlabCreate130.json,C:\ACorn\jsonOutput\03-03-2019_0536PM\AddFeeLoanAccount_SlabCreatejsonOutput_130.json,PASS,
03-03-2019,0542PM,AddFeeLoanAccount_SlabCreate,131,C:\ACorn\jsonPayload\03-03-2019_0536PM\testScenario_for_API__AddFeeLoanAccount_SlabCreate131.json,C:\ACorn\jsonOutput\03-03-2019_0536PM\AddFeeLoanAccount_SlabCreatejsonOutput_131.json,FAIL,Actual response code received is 400
03-03-2019,0542PM,AddFeeLoanAccount_SlabCreate,132,C:\ACorn\jsonPayload\03-03-2019_0536PM\testScenario_for_API__AddFeeLoanAccount_SlabCreate132.json,C:\ACorn\jsonOutput\03-03-2019_0536PM\AddFeeLoanAccount_SlabCreatejsonOutput_132.json,PASS,
03-03-2019,0542PM,AddFeeLoanAccount_SlabCreate,133,C:\ACorn\jsonPayload\03-03-2019_0536PM\testScenario_for_API__AddFeeLoanAccount_SlabCreate133.json,C:\ACorn\jsonOutput\03-03-2019_0536PM\AddFeeLoanAccount_SlabCreatejsonOutput_133.json,PASS,
03-03-2019,0542PM,AddFeeLoanAccount_SlabCreate,134,C:\ACorn\jsonPayload\03-03-2019_0536PM\testScenario_for_API__AddFeeLoanAccount_SlabCreate134.json,C:\ACorn\jsonOutput\03-03-2019_0536PM\AddFeeLoanAccount_SlabCreatejsonOutput_134.json,PASS,
03-03-2019,0542PM,AddFeeLoanAccount_SlabCreate,135,C:\ACorn\jsonPayload\03-03-2019_0536PM\testScenario_for_API__AddFeeLoanAccount_SlabCreate135.json,C:\ACorn\jsonOutput\03-03-2019_0536PM\AddFeeLoanAccount_SlabCreatejsonOutput_135.json,PASS,
03-03-2019,0542PM,AddFeeLoanAccount_SlabCreate,136,C:\ACorn\jsonPayload\03-03-2019_0536PM\testScenario_for_API__AddFeeLoanAccount_SlabCreate136.json,C:\ACorn\jsonOutput\03-03-2019_0536PM\AddFeeLoanAccount_SlabCreatejsonOutput_136.json,PASS,
03-03-2019,0542PM,AddFeeLoanAccount_SlabCreate,137,C:\ACorn\jsonPayload\03-03-2019_0536PM\testScenario_for_API__AddFeeLoanAccount_SlabCreate137.json,C:\ACorn\jsonOutput\03-03-2019_0536PM\AddFeeLoanAccount_SlabCreatejsonOutput_137.json,PASS,
03-03-2019,0542PM,AddFeeLoanAccount_SlabCreate,138,C:\ACorn\jsonPayload\03-03-2019_0536PM\testScenario_for_API__AddFeeLoanAccount_SlabCreate138.json,C:\ACorn\jsonOutput\03-03-2019_0536PM\AddFeeLoanAccount_SlabCreatejsonOutput_138.json,FAIL,Actual response code received is 500
03-03-2019,0542PM,AddFeeLoanAccount_SlabCreate,139,C:\ACorn\jsonPayload\03-03-2019_0536PM\testScenario_for_API__AddFeeLoanAccount_SlabCreate139.json,C:\ACorn\jsonOutput\03-03-2019_0536PM\AddFeeLoanAccount_SlabCreatejsonOutput_139.json,PASS,
03-03-2019,0542PM,AddFeeLoanAccount_SlabCreate,140,C:\ACorn\jsonPayload\03-03-2019_0536PM\testScenario_for_API__AddFeeLoanAccount_SlabCreate140.json,C:\ACorn\jsonOutput\03-03-2019_0536PM\AddFeeLoanAccount_SlabCreatejsonOutput_140.json,PASS,
03-03-2019,0542PM,AddFeeLoanAccount_SlabCreate,141,C:\ACorn\jsonPayload\03-03-2019_0536PM\testScenario_for_API__AddFeeLoanAccount_SlabCreate141.json,C:\ACorn\jsonOutput\03-03-2019_0536PM\AddFeeLoanAccount_SlabCreatejsonOutput_141.json,PASS,
03-03-2019,0542PM,AddFeeLoanAccount_SlabCreate,142,C:\ACorn\jsonPayload\03-03-2019_0536PM\testScenario_for_API__AddFeeLoanAccount_SlabCreate142.json,C:\ACorn\jsonOutput\03-03-2019_0536PM\AddFeeLoanAccount_SlabCreatejsonOutput_142.json,PASS,
03-03-2019,0542PM,AddFeeLoanAccount_SlabCreate,143,C:\ACorn\jsonPayload\03-03-2019_0536PM\testScenario_for_API__AddFeeLoanAccount_SlabCreate143.json,C:\ACorn\jsonOutput\03-03-2019_0536PM\AddFeeLoanAccount_SlabCreatejsonOutput_143.json,PASS,
03-03-2019,0542PM,AddFeeLoanAccount_SlabCreate,144,C:\ACorn\jsonPayload\03-03-2019_0536PM\testScenario_for_API__AddFeeLoanAccount_SlabCreate144.json,C:\ACorn\jsonOutput\03-03-2019_0536PM\AddFeeLoanAccount_SlabCreatejsonOutput_144.json,PASS,
03-03-2019,0542PM,AddFeeLoanAccount_SlabCreate,145,C:\ACorn\jsonPayload\03-03-2019_0536PM\testScenario_for_API__AddFeeLoanAccount_SlabCreate145.json,C:\ACorn\jsonOutput\03-03-2019_0536PM\AddFeeLoanAccount_SlabCreatejsonOutput_145.json,FAIL,Actual response code received is 500
03-03-2019,0542PM,AddFeeLoanAccount_SlabCreate,146,C:\ACorn\jsonPayload\03-03-2019_0536PM\testScenario_for_API__AddFeeLoanAccount_SlabCreate146.json,C:\ACorn\jsonOutput\03-03-2019_0536PM\AddFeeLoanAccount_SlabCreatejsonOutput_146.json,PASS,
03-03-2019,0542PM,AddFeeLoanAccount_SlabCreate,147,C:\ACorn\jsonPayload\03-03-2019_0536PM\testScenario_for_API__AddFeeLoanAccount_SlabCreate147.json,C:\ACorn\jsonOutput\03-03-2019_0536PM\AddFeeLoanAccount_SlabCreatejsonOutput_147.json,PASS,
03-03-2019,0542PM,AddFeeLoanAccount_SlabCreate,148,C:\ACorn\jsonPayload\03-03-2019_0536PM\testScenario_for_API__AddFeeLoanAccount_SlabCreate148.json,C:\ACorn\jsonOutput\03-03-2019_0536PM\AddFeeLoanAccount_SlabCreatejsonOutput_148.json,PASS,
03-03-2019,0542PM,AddFeeLoanAccount_SlabCreate,149,C:\ACorn\jsonPayload\03-03-2019_0536PM\testScenario_for_API__AddFeeLoanAccount_SlabCreate149.json,C:\ACorn\jsonOutput\03-03-2019_0536PM\AddFeeLoanAccount_SlabCreatejsonOutput_149.json,FAIL,Actual response code received is 400
03-03-2019,0542PM,AddFeeLoanAccount_SlabCreate,150,C:\ACorn\jsonPayload\03-03-2019_0536PM\testScenario_for_API__AddFeeLoanAccount_SlabCreate150.json,C:\ACorn\jsonOutput\03-03-2019_0536PM\AddFeeLoanAccount_SlabCreatejsonOutput_150.json,PASS,
03-03-2019,0542PM,AddFeeLoanAccount_SlabCreate,151,C:\ACorn\jsonPayload\03-03-2019_0536PM\testScenario_for_API__AddFeeLoanAccount_SlabCreate151.json,C:\ACorn\jsonOutput\03-03-2019_0536PM\AddFeeLoanAccount_SlabCreatejsonOutput_151.json,PASS,
03-03-2019,0542PM,AddFeeLoanAccount_SlabCreate,152,C:\ACorn\jsonPayload\03-03-2019_0536PM\testScenario_for_API__AddFeeLoanAccount_SlabCreate152.json,C:\ACorn\jsonOutput\03-03-2019_0536PM\AddFeeLoanAccount_SlabCreatejsonOutput_152.json,PASS,
03-03-2019,0542PM,AddFeeLoanAccount_SlabCreate,153,C:\ACorn\jsonPayload\03-03-2019_0536PM\testScenario_for_API__AddFeeLoanAccount_SlabCreate153.json,C:\ACorn\jsonOutput\03-03-2019_0536PM\AddFeeLoanAccount_SlabCreatejsonOutput_153.json,PASS,
03-03-2019,0542PM,AddFeeLoanAccount_SlabCreate,154,C:\ACorn\jsonPayload\03-03-2019_0536PM\testScenario_for_API__AddFeeLoanAccount_SlabCreate154.json,C:\ACorn\jsonOutput\03-03-2019_0536PM\AddFeeLoanAccount_SlabCreatejsonOutput_154.json,PASS,
03-03-2019,0542PM,AddFeeLoanAccount_SlabCreate,155,C:\ACorn\jsonPayload\03-03-2019_0536PM\testScenario_for_API__AddFeeLoanAccount_SlabCreate155.json,C:\ACorn\jsonOutput\03-03-2019_0536PM\AddFeeLoanAccount_SlabCreatejsonOutput_155.json,PASS,
03-03-2019,0542PM,AddFeeLoanAccount_SlabCreate,156,C:\ACorn\jsonPayload\03-03-2019_0536PM\testScenario_for_API__AddFeeLoanAccount_SlabCreate156.json,C:\ACorn\jsonOutput\03-03-2019_0536PM\AddFeeLoanAccount_SlabCreatejsonOutput_156.json,PASS,
03-03-2019,0543PM,AddFeeLoanAccount_SlabCreate,157,C:\ACorn\jsonPayload\03-03-2019_0536PM\testScenario_for_API__AddFeeLoanAccount_SlabCreate157.json,C:\ACorn\jsonOutput\03-03-2019_0536PM\AddFeeLoanAccount_SlabCreatejsonOutput_157.json,FAIL,Actual response code received is 400
03-03-2019,0543PM,AddFeeLoanAccount_SlabCreate,158,C:\ACorn\jsonPayload\03-03-2019_0536PM\testScenario_for_API__AddFeeLoanAccount_SlabCreate158.json,C:\ACorn\jsonOutput\03-03-2019_0536PM\AddFeeLoanAccount_SlabCreatejsonOutput_158.json,PASS,
03-03-2019,0543PM,AddFeeLoanAccount_SlabCreate,159,C:\ACorn\jsonPayload\03-03-2019_0536PM\testScenario_for_API__AddFeeLoanAccount_SlabCreate159.json,C:\ACorn\jsonOutput\03-03-2019_0536PM\AddFeeLoanAccount_SlabCreatejsonOutput_159.json,PASS,
03-03-2019,0543PM,AddFeeLoanAccount_SlabCreate,160,C:\ACorn\jsonPayload\03-03-2019_0536PM\testScenario_for_API__AddFeeLoanAccount_SlabCreate160.json,C:\ACorn\jsonOutput\03-03-2019_0536PM\AddFeeLoanAccount_SlabCreatejsonOutput_160.json,PASS,
03-03-2019,0543PM,AddFeeLoanAccount_SlabCreate,161,C:\ACorn\jsonPayload\03-03-2019_0536PM\testScenario_for_API__AddFeeLoanAccount_SlabCreate161.json,C:\ACorn\jsonOutput\03-03-2019_0536PM\AddFeeLoanAccount_SlabCreatejsonOutput_161.json,PASS,
03-03-2019,0543PM,AddFeeLoanAccount_SlabCreate,162,C:\ACorn\jsonPayload\03-03-2019_0536PM\testScenario_for_API__AddFeeLoanAccount_SlabCreate162.json,C:\ACorn\jsonOutput\03-03-2019_0536PM\AddFeeLoanAccount_SlabCreatejsonOutput_162.json,PASS,
03-03-2019,0543PM,AddFeeLoanAccount_SlabCreate,163,C:\ACorn\jsonPayload\03-03-2019_0536PM\testScenario_for_API__AddFeeLoanAccount_SlabCreate163.json,C:\ACorn\jsonOutput\03-03-2019_0536PM\AddFeeLoanAccount_SlabCreatejsonOutput_163.json,PASS,
03-03-2019,0543PM,AddFeeLoanAccount_SlabCreate,164,C:\ACorn\jsonPayload\03-03-2019_0536PM\testScenario_for_API__AddFeeLoanAccount_SlabCreate164.json,C:\ACorn\jsonOutput\03-03-2019_0536PM\AddFeeLoanAccount_SlabCreatejsonOutput_164.json,PASS,
03-03-2019,0543PM,AddFeeLoanAccount_SlabCreate,165,C:\ACorn\jsonPayload\03-03-2019_0536PM\testScenario_for_API__AddFeeLoanAccount_SlabCreate165.json,C:\ACorn\jsonOutput\03-03-2019_0536PM\AddFeeLoanAccount_SlabCreatejsonOutput_165.json,FAIL,Actual response code received is 400
03-03-2019,0543PM,AddFeeLoanAccount_SlabCreate,166,C:\ACorn\jsonPayload\03-03-2019_0536PM\testScenario_for_API__AddFeeLoanAccount_SlabCreate166.json,C:\ACorn\jsonOutput\03-03-2019_0536PM\AddFeeLoanAccount_SlabCreatejsonOutput_166.json,PASS,
03-03-2019,0543PM,AddFeeLoanAccount_SlabCreate,167,C:\ACorn\jsonPayload\03-03-2019_0536PM\testScenario_for_API__AddFeeLoanAccount_SlabCreate167.json,C:\ACorn\jsonOutput\03-03-2019_0536PM\AddFeeLoanAccount_SlabCreatejsonOutput_167.json,PASS,
03-03-2019,0543PM,AddFeeLoanAccount_SlabCreate,168,C:\ACorn\jsonPayload\03-03-2019_0536PM\testScenario_for_API__AddFeeLoanAccount_SlabCreate168.json,C:\ACorn\jsonOutput\03-03-2019_0536PM\AddFeeLoanAccount_SlabCreatejsonOutput_168.json,PASS,
03-03-2019,0543PM,AddFeeLoanAccount_SlabCreate,169,C:\ACorn\jsonPayload\03-03-2019_0536PM\testScenario_for_API__AddFeeLoanAccount_SlabCreate169.json,C:\ACorn\jsonOutput\03-03-2019_0536PM\AddFeeLoanAccount_SlabCreatejsonOutput_169.json,PASS,
03-03-2019,0543PM,AddFeeLoanAccount_SlabCreate,170,C:\ACorn\jsonPayload\03-03-2019_0536PM\testScenario_for_API__AddFeeLoanAccount_SlabCreate170.json,C:\ACorn\jsonOutput\03-03-2019_0536PM\AddFeeLoanAccount_SlabCreatejsonOutput_170.json,PASS,
03-03-2019,0543PM,AddFeeLoanAccount_SlabCreate,171,C:\ACorn\jsonPayload\03-03-2019_0536PM\testScenario_for_API__AddFeeLoanAccount_SlabCreate171.json,C:\ACorn\jsonOutput\03-03-2019_0536PM\AddFeeLoanAccount_SlabCreatejsonOutput_171.json,PASS,
