productId,loanAmount,parentLoanAccount,loanTerm/value,loanTerm/term,accountOpenDate,repaymentDateMethod,firstRepaymentDate,interestCalculationMethod,daysInMonthType,daysInYearType,paymentAllocationMethod,repaymentAllocationOrder,prepaymentStrategy,disbursementDatas/0/disbursementSequenceNumber,disbursementDatas/0/disbursementDate,disbursementDatas/0/disbursementAmount,disbursementDatas/0/availabilityDate,loanAccountFees/0/referenceAmount,loanAccountFees/0/feeCalculationMethod,loanAccountFees/0/feePercentage,loanAccountFees/0/feeApplicationType,loanAccountFees/0/wholeAmount,loanAccountFees/0/feeId,loanAccountFees/0/periodValue,loanAccountFees/0/periodFrequency,loanAccountFees/0/paymentDateMethod,loanAccountFees/0/paymentDate,loanAccountFees/0/feeFormula,loanAccountFees/0/feeAmount,loanAccountFees/0/adhocDueDate,loanAccountFees/0/wholePeriodFrequency,loanAccountFees/0/wholePeriodValue,loanAccountFees/0/currencyCode,loanAccountFees/0/feeEvent,loanModels/0/periodNumber,loanModels/0/periodFrequency/value,loanModels/0/periodFrequency/term,loanModels/0/fixBalloon,loanModels/0/fixPrincipalOrInstallment,loanModels/0/principalForPeriod,loanModels/0/initialPrincipal,loanModels/0/compoundingFrequency,loanModels/0/calculationMethod,loanModels/0/principalRepayFrequency/value,loanModels/0/principalRepayFrequency/term,loanModels/0/interestRepayFrequency,loanModels/0/amortizationPeriod,loanModels/0/outstandingInterestRepaymentMethod,loanModels/0/interestRate,loanModels/0/interestKey,loanModels/0/interestRateType,loanModels/0/principalAmount,loanModels/0/balloonAmount,loanModels/0/installmentAmount,loanModels/0/isLastPeriod,loanModels/0/ginOrIpr,repaymentPeriodInstallments/0/identifier,repaymentPeriodInstallments/0/periodNumber,repaymentPeriodInstallments/0/installmentDate,repaymentPeriodInstallments/0/fromDate,repaymentPeriodInstallments/0/dueDate,repaymentPeriodInstallments/0/principalDue,repaymentPeriodInstallments/0/principalPaid,repaymentPeriodInstallments/0/outstandingLoanBalance,repaymentPeriodInstallments/0/interestDue,repaymentPeriodInstallments/0/interestPaid,repaymentPeriodInstallments/0/capitalizedInterest,repaymentPeriodInstallments/0/penaltyDue,repaymentPeriodInstallments/0/penaltyPaid,repaymentPeriodInstallments/0/totalPaid,repaymentPeriodInstallments/0/totalDue,repaymentPeriodInstallments/0/paymentDate,repaymentPeriodInstallments/0/overDue,repaymentPeriodInstallments/0/createdOn,repaymentPeriodInstallments/0/createdBy,repaymentPeriodInstallments/0/lastModifiedOn,repaymentPeriodInstallments/0/lastModifiedBy,repaymentPeriodInstallments/0/completed,repaymentPeriodInstallments/1/identifier,repaymentPeriodInstallments/1/periodNumber,repaymentPeriodInstallments/1/installmentDate,repaymentPeriodInstallments/1/fromDate,repaymentPeriodInstallments/1/dueDate,repaymentPeriodInstallments/1/principalDue,repaymentPeriodInstallments/1/principalPaid,repaymentPeriodInstallments/1/outstandingLoanBalance,repaymentPeriodInstallments/1/interestDue,repaymentPeriodInstallments/1/interestPaid,repaymentPeriodInstallments/1/capitalizedInterest,repaymentPeriodInstallments/1/penaltyDue,repaymentPeriodInstallments/1/penaltyPaid,repaymentPeriodInstallments/1/totalPaid,repaymentPeriodInstallments/1/totalDue,repaymentPeriodInstallments/1/paymentDate,repaymentPeriodInstallments/1/overDue,repaymentPeriodInstallments/1/createdOn,repaymentPeriodInstallments/1/createdBy,repaymentPeriodInstallments/1/lastModifiedOn,repaymentPeriodInstallments/1/lastModifiedBy,repaymentPeriodInstallments/1/completed,repaymentPeriodInstallments/2/identifier,repaymentPeriodInstallments/2/periodNumber,repaymentPeriodInstallments/2/installmentDate,repaymentPeriodInstallments/2/fromDate,repaymentPeriodInstallments/2/dueDate,repaymentPeriodInstallments/2/principalDue,repaymentPeriodInstallments/2/principalPaid,repaymentPeriodInstallments/2/outstandingLoanBalance,repaymentPeriodInstallments/2/interestDue,repaymentPeriodInstallments/2/interestPaid,repaymentPeriodInstallments/2/capitalizedInterest,repaymentPeriodInstallments/2/penaltyDue,repaymentPeriodInstallments/2/penaltyPaid,repaymentPeriodInstallments/2/totalPaid,repaymentPeriodInstallments/2/totalDue,repaymentPeriodInstallments/2/paymentDate,repaymentPeriodInstallments/2/overDue,repaymentPeriodInstallments/2/createdOn,repaymentPeriodInstallments/2/createdBy,repaymentPeriodInstallments/2/lastModifiedOn,repaymentPeriodInstallments/2/lastModifiedBy,repaymentPeriodInstallments/2/completed,topup,topupLimit,revolvingTopupLimit,numberOfTopupsAllowed,topupLimitUtilized,bankAccountDetails,borrowerDetails/0/sequenceNumber,borrowerDetails/0/memberId,borrowerDetails/0/liabilityPercentage,disbursementPaymentMethod,loanGroup,followsCustomSchedule,accountStatus,accountSubstatus,approvedPrincipal
RAHULKUM_01,100000,UI28381Test28,12,MONTHS,2019-03-01,ANIVRSRY,null,FLAT,DAYS_30,DAYS_360,HORZNTL,PENALTY|FEES|INTEREST|PRNCIPAL,ADJTEN,1,2019-03-05,100000,2019-03-05,null,FIXED,null,EVENT,null,112,null,null,null,null,FLAT,500,null,null,null,BZD,FDSBRMNT,1,12,MONTHS,FALSE,TRUE,100000,100000,null,EMI,1,MONTHS,null,null,SIN,2,,FIXED,0,0,0,TRUE,GI,null,1,2019-04-05,2019-03-05,2019-04-05,8257.2,0,91742.8,166.7,0,0,0,0,0,8423.9,null,0,null,null,null,null,FALSE,null,2,2019-05-07,2019-04-05,2019-05-07,8260.8,0,83482,163.1,0,0,0,0,0,8423.9,null,0,null,null,null,null,FALSE,null,3,2019-06-05,2019-05-07,2019-06-05,8294,0,75188,129.9,0,0,0,0,0,8423.9,null,0,null,null,null,null,FALSE,FALSE,null,null,null,null,null,1,5,100,METHOD1,GROUP1,FALSE,PENAPR,PARDIS,100000
RAHULKUM_01,100000,UI28381Test28,12,MONTHS,2019-03-01,ANIVRSRY,null,FLAT,DAYS_30,DAYS_360,HORZNTL,PENALTY|FEES|INTEREST|PRNCIPAL,ADJTEN,1,2019-03-05,100000,2019-03-05,null,FIXED,null,EVENT,null,112,null,null,null,null,FLAT,500,null,null,null,BZD,REPAYMNT,1,12,MONTHS,FALSE,TRUE,100000,100000,null,EMI,1,MONTHS,null,null,SIN,2,,FIXED,0,0,0,TRUE,GI,null,1,2019-04-05,2019-03-05,2019-04-05,8257.2,0,91742.8,166.7,0,0,0,0,0,8423.9,null,0,null,null,null,null,FALSE,null,2,2019-05-07,2019-04-05,2019-05-07,8260.8,0,83482,163.1,0,0,0,0,0,8423.9,null,0,null,null,null,null,FALSE,null,3,2019-06-05,2019-05-07,2019-06-05,8294,0,75188,129.9,0,0,0,0,0,8423.9,null,0,null,null,null,null,FALSE,FALSE,null,null,null,null,null,1,5,100,METHOD1,GROUP1,FALSE,PENAPR,PARDIS,100000
RAHULKUM_01,100000,UI28381Test28,12,MONTHS,2019-03-01,ANIVRSRY,null,FLAT,DAYS_30,DAYS_360,HORZNTL,PENALTY|FEES|INTEREST|PRNCIPAL,ADJTEN,1,2019-03-05,100000,2019-03-05,null,FIXED,null,EVENT,null,112,null,null,null,null,FLAT,500,null,null,null,BZD,RESTRCTE,1,12,MONTHS,FALSE,TRUE,100000,100000,null,EMI,1,MONTHS,null,null,SIN,2,,FIXED,0,0,0,TRUE,GI,null,1,2019-04-05,2019-03-05,2019-04-05,8257.2,0,91742.8,166.7,0,0,0,0,0,8423.9,null,0,null,null,null,null,FALSE,null,2,2019-05-07,2019-04-05,2019-05-07,8260.8,0,83482,163.1,0,0,0,0,0,8423.9,null,0,null,null,null,null,FALSE,null,3,2019-06-05,2019-05-07,2019-06-05,8294,0,75188,129.9,0,0,0,0,0,8423.9,null,0,null,null,null,null,FALSE,FALSE,null,null,null,null,null,1,5,100,METHOD1,GROUP1,FALSE,PENAPR,PARDIS,100000
RAHULKUM_01,100000,UI28381Test28,12,MONTHS,2019-03-01,ANIVRSRY,null,FLAT,DAYS_30,DAYS_360,HORZNTL,PENALTY|FEES|INTEREST|PRNCIPAL,ADJTEN,1,2019-03-05,100000,2019-03-05,null,FIXED,null,EVENT,null,112,null,null,null,null,FLAT,500,null,null,null,BZD,TERMNATN,1,12,MONTHS,FALSE,TRUE,100000,100000,null,EMI,1,MONTHS,null,null,SIN,2,,FIXED,0,0,0,TRUE,GI,null,1,2019-04-05,2019-03-05,2019-04-05,8257.2,0,91742.8,166.7,0,0,0,0,0,8423.9,null,0,null,null,null,null,FALSE,null,2,2019-05-07,2019-04-05,2019-05-07,8260.8,0,83482,163.1,0,0,0,0,0,8423.9,null,0,null,null,null,null,FALSE,null,3,2019-06-05,2019-05-07,2019-06-05,8294,0,75188,129.9,0,0,0,0,0,8423.9,null,0,null,null,null,null,FALSE,FALSE,null,null,null,null,null,1,5,100,METHOD1,GROUP1,FALSE,PENAPR,PARDIS,100000
RAHULKUM_01,100000,UI28381Test28,12,MONTHS,2019-03-01,ANIVRSRY,null,FLAT,DAYS_30,DAYS_360,HORZNTL,PENALTY|FEES|INTEREST|PRNCIPAL,ADJTEN,1,2019-03-05,100000,2019-03-05,null,FIXED,null,EVENT,null,112,null,null,null,null,FLAT,500,null,null,null,BZD,PREPYMNT,1,12,MONTHS,FALSE,TRUE,100000,100000,null,EMI,1,MONTHS,null,null,SIN,2,,FIXED,0,0,0,TRUE,GI,null,1,2019-04-05,2019-03-05,2019-04-05,8257.2,0,91742.8,166.7,0,0,0,0,0,8423.9,null,0,null,null,null,null,FALSE,null,2,2019-05-07,2019-04-05,2019-05-07,8260.8,0,83482,163.1,0,0,0,0,0,8423.9,null,0,null,null,null,null,FALSE,null,3,2019-06-05,2019-05-07,2019-06-05,8294,0,75188,129.9,0,0,0,0,0,8423.9,null,0,null,null,null,null,FALSE,FALSE,null,null,null,null,null,1,5,100,METHOD1,GROUP1,FALSE,PENAPR,PARDIS,100000
RAHULKUM_01,100000,UI28381Test28,12,MONTHS,2019-03-01,ANIVRSRY,null,FLAT,DAYS_30,DAYS_360,HORZNTL,PENALTY|FEES|INTEREST|PRNCIPAL,ADJTEN,1,2019-03-05,100000,2019-03-05,null,FIXED,null,EVENT,null,112,null,null,null,null,FLAT,null,null,null,null,BZD,PREPYMNT,1,12,MONTHS,FALSE,TRUE,100000,100000,null,EMI,1,MONTHS,null,null,SIN,2,,FIXED,0,0,0,TRUE,GI,null,1,2019-04-05,2019-03-05,2019-04-05,8257.2,0,91742.8,166.7,0,0,0,0,0,8423.9,null,0,null,null,null,null,FALSE,null,2,2019-05-07,2019-04-05,2019-05-07,8260.8,0,83482,163.1,0,0,0,0,0,8423.9,null,0,null,null,null,null,FALSE,null,3,2019-06-05,2019-05-07,2019-06-05,8294,0,75188,129.9,0,0,0,0,0,8423.9,null,0,null,null,null,null,FALSE,FALSE,null,null,null,null,null,1,5,100,METHOD1,GROUP1,FALSE,PENAPR,PARDIS,100000
RAHULKUM_01,100000,UI28381Test28,12,MONTHS,2019-03-01,ANIVRSRY,null,FLAT,DAYS_30,DAYS_360,HORZNTL,PENALTY|FEES|INTEREST|PRNCIPAL,ADJTEN,1,2019-03-05,100000,2019-03-05,null,FIXED,null,EVENT,null,112,null,null,null,null,FLAT,500,null,null,null,BZD,null,1,12,MONTHS,FALSE,TRUE,100000,100000,null,EMI,1,MONTHS,null,null,SIN,2,,FIXED,0,0,0,TRUE,GI,null,1,2019-04-05,2019-03-05,2019-04-05,8257.2,0,91742.8,166.7,0,0,0,0,0,8423.9,null,0,null,null,null,null,FALSE,null,2,2019-05-07,2019-04-05,2019-05-07,8260.8,0,83482,163.1,0,0,0,0,0,8423.9,null,0,null,null,null,null,FALSE,null,3,2019-06-05,2019-05-07,2019-06-05,8294,0,75188,129.9,0,0,0,0,0,8423.9,null,0,null,null,null,null,FALSE,FALSE,null,null,null,null,null,1,5,100,METHOD1,GROUP1,FALSE,PENAPR,PARDIS,100000
RAHULKUM_01,100000,UI28381Test28,12,MONTHS,2019-03-01,ANIVRSRY,null,FLAT,DAYS_30,DAYS_360,HORZNTL,PENALTY|FEES|INTEREST|PRNCIPAL,ADJTEN,1,2019-03-05,100000,2019-03-05,null,FIXED,2,EVENT,null,112,null,null,null,null,FLAT,500,null,null,null,BZD,PREPYMNT,1,12,MONTHS,FALSE,TRUE,100000,100000,null,EMI,1,MONTHS,null,null,SIN,2,,FIXED,0,0,0,TRUE,GI,null,1,2019-04-05,2019-03-05,2019-04-05,8257.2,0,91742.8,166.7,0,0,0,0,0,8423.9,null,0,null,null,null,null,FALSE,null,2,2019-05-07,2019-04-05,2019-05-07,8260.8,0,83482,163.1,0,0,0,0,0,8423.9,null,0,null,null,null,null,FALSE,null,3,2019-06-05,2019-05-07,2019-06-05,8294,0,75188,129.9,0,0,0,0,0,8423.9,null,0,null,null,null,null,FALSE,FALSE,null,null,null,null,null,1,5,100,METHOD1,GROUP1,FALSE,PENAPR,PARDIS,100000
RAHULKUM_01,100000,UI28381Test28,12,MONTHS,2019-03-01,ANIVRSRY,null,FLAT,DAYS_30,DAYS_360,HORZNTL,PENALTY|FEES|INTEREST|PRNCIPAL,ADJTEN,1,2019-03-05,100000,2019-03-05,OSTDPCPL,FIXED,50,EVENT,null,112,null,null,null,null,PERLNKAT,null,null,null,null,BZD,FDSBRMNT,1,12,MONTHS,FALSE,TRUE,100000,100000,null,EMI,1,MONTHS,null,null,SIN,2,,FIXED,0,0,0,TRUE,GI,null,1,2019-04-05,2019-03-05,2019-04-05,8257.2,0,91742.8,166.7,0,0,0,0,0,8423.9,null,0,null,null,null,null,FALSE,null,2,2019-05-07,2019-04-05,2019-05-07,8260.8,0,83482,163.1,0,0,0,0,0,8423.9,null,0,null,null,null,null,FALSE,null,3,2019-06-05,2019-05-07,2019-06-05,8294,0,75188,129.9,0,0,0,0,0,8423.9,null,0,null,null,null,null,FALSE,FALSE,null,null,null,null,null,1,5,100,METHOD1,GROUP1,FALSE,PENAPR,PARDIS,100000
RAHULKUM_01,100000,UI28381Test28,12,MONTHS,2019-03-01,ANIVRSRY,null,FLAT,DAYS_30,DAYS_360,HORZNTL,PENALTY|FEES|INTEREST|PRNCIPAL,ADJTEN,1,2019-03-05,100000,2019-03-05,PREPDAMT,FIXED,40,EVENT,null,112,null,null,null,null,PERLNKAT,null,null,null,null,BZD,FDSBRMNT,1,12,MONTHS,FALSE,TRUE,100000,100000,null,EMI,1,MONTHS,null,null,SIN,2,,FIXED,0,0,0,TRUE,GI,null,1,2019-04-05,2019-03-05,2019-04-05,8257.2,0,91742.8,166.7,0,0,0,0,0,8423.9,null,0,null,null,null,null,FALSE,null,2,2019-05-07,2019-04-05,2019-05-07,8260.8,0,83482,163.1,0,0,0,0,0,8423.9,null,0,null,null,null,null,FALSE,null,3,2019-06-05,2019-05-07,2019-06-05,8294,0,75188,129.9,0,0,0,0,0,8423.9,null,0,null,null,null,null,FALSE,FALSE,null,null,null,null,null,1,5,100,METHOD1,GROUP1,FALSE,PENAPR,PARDIS,100000
RAHULKUM_01,100000,UI28381Test28,12,MONTHS,2019-03-01,ANIVRSRY,null,FLAT,DAYS_30,DAYS_360,HORZNTL,PENALTY|FEES|INTEREST|PRNCIPAL,ADJTEN,1,2019-03-05,100000,2019-03-05,UNUTIAMT,FIXED,20,EVENT,null,112,null,null,null,null,PERLNKAT,null,null,null,null,BZD,FDSBRMNT,1,12,MONTHS,FALSE,TRUE,100000,100000,null,EMI,1,MONTHS,null,null,SIN,2,,FIXED,0,0,0,TRUE,GI,null,1,2019-04-05,2019-03-05,2019-04-05,8257.2,0,91742.8,166.7,0,0,0,0,0,8423.9,null,0,null,null,null,null,FALSE,null,2,2019-05-07,2019-04-05,2019-05-07,8260.8,0,83482,163.1,0,0,0,0,0,8423.9,null,0,null,null,null,null,FALSE,null,3,2019-06-05,2019-05-07,2019-06-05,8294,0,75188,129.9,0,0,0,0,0,8423.9,null,0,null,null,null,null,FALSE,FALSE,null,null,null,null,null,1,5,100,METHOD1,GROUP1,FALSE,PENAPR,PARDIS,100000
RAHULKUM_01,100000,UI28381Test28,12,MONTHS,2019-03-01,ANIVRSRY,null,FLAT,DAYS_30,DAYS_360,HORZNTL,PENALTY|FEES|INTEREST|PRNCIPAL,ADJTEN,1,2019-03-05,100000,2019-03-05,LOANAMNT,FIXED,10,EVENT,null,112,null,null,null,null,PERLNKAT,null,null,null,null,BZD,FDSBRMNT,1,12,MONTHS,FALSE,TRUE,100000,100000,null,EMI,1,MONTHS,null,null,SIN,2,,FIXED,0,0,0,TRUE,GI,null,1,2019-04-05,2019-03-05,2019-04-05,8257.2,0,91742.8,166.7,0,0,0,0,0,8423.9,null,0,null,null,null,null,FALSE,null,2,2019-05-07,2019-04-05,2019-05-07,8260.8,0,83482,163.1,0,0,0,0,0,8423.9,null,0,null,null,null,null,FALSE,null,3,2019-06-05,2019-05-07,2019-06-05,8294,0,75188,129.9,0,0,0,0,0,8423.9,null,0,null,null,null,null,FALSE,FALSE,null,null,null,null,null,1,5,100,METHOD1,GROUP1,FALSE,PENAPR,PARDIS,100000
RAHULKUM_01,100000,UI28381Test28,12,MONTHS,2019-03-01,ANIVRSRY,null,FLAT,DAYS_30,DAYS_360,HORZNTL,PENALTY|FEES|INTEREST|PRNCIPAL,ADJTEN,1,2019-03-05,100000,2019-03-05,DBBRSAMT,FIXED,10,EVENT,null,112,null,null,null,null,PERLNKAT,null,null,null,null,BZD,FDSBRMNT,1,12,MONTHS,FALSE,TRUE,100000,100000,null,EMI,1,MONTHS,null,null,SIN,2,,FIXED,0,0,0,TRUE,GI,null,1,2019-04-05,2019-03-05,2019-04-05,8257.2,0,91742.8,166.7,0,0,0,0,0,8423.9,null,0,null,null,null,null,FALSE,null,2,2019-05-07,2019-04-05,2019-05-07,8260.8,0,83482,163.1,0,0,0,0,0,8423.9,null,0,null,null,null,null,FALSE,null,3,2019-06-05,2019-05-07,2019-06-05,8294,0,75188,129.9,0,0,0,0,0,8423.9,null,0,null,null,null,null,FALSE,FALSE,null,null,null,null,null,1,5,100,METHOD1,GROUP1,FALSE,PENAPR,PARDIS,100000
RAHULKUM_01,100000,UI28381Test28,12,MONTHS,2019-03-01,ANIVRSRY,null,FLAT,DAYS_30,DAYS_360,HORZNTL,PENALTY|FEES|INTEREST|PRNCIPAL,ADJTEN,1,2019-03-05,100000,2019-03-05,DBBRSAMT,FIXED,10,EVENT,null,112,null,null,null,null,PERLNKAT,500,null,null,null,BZD,FDSBRMNT,1,12,MONTHS,FALSE,TRUE,100000,100000,null,EMI,1,MONTHS,null,null,SIN,2,,FIXED,0,0,0,TRUE,GI,null,1,2019-04-05,2019-03-05,2019-04-05,8257.2,0,91742.8,166.7,0,0,0,0,0,8423.9,null,0,null,null,null,null,FALSE,null,2,2019-05-07,2019-04-05,2019-05-07,8260.8,0,83482,163.1,0,0,0,0,0,8423.9,null,0,null,null,null,null,FALSE,null,3,2019-06-05,2019-05-07,2019-06-05,8294,0,75188,129.9,0,0,0,0,0,8423.9,null,0,null,null,null,null,FALSE,FALSE,null,null,null,null,null,1,5,100,METHOD1,GROUP1,FALSE,PENAPR,PARDIS,100000
RAHULKUM_01,100000,UI28381Test28,12,MONTHS,2019-03-01,ANIVRSRY,null,FLAT,DAYS_30,DAYS_360,HORZNTL,PENALTY|FEES|INTEREST|PRNCIPAL,ADJTEN,1,2019-03-05,100000,2019-03-05,DBBRSAMT,FIXED,null,EVENT,null,112,null,null,null,null,PERLNKAT,null,null,null,null,BZD,FDSBRMNT,1,12,MONTHS,FALSE,TRUE,100000,100000,null,EMI,1,MONTHS,null,null,SIN,2,,FIXED,0,0,0,TRUE,GI,null,1,2019-04-05,2019-03-05,2019-04-05,8257.2,0,91742.8,166.7,0,0,0,0,0,8423.9,null,0,null,null,null,null,FALSE,null,2,2019-05-07,2019-04-05,2019-05-07,8260.8,0,83482,163.1,0,0,0,0,0,8423.9,null,0,null,null,null,null,FALSE,null,3,2019-06-05,2019-05-07,2019-06-05,8294,0,75188,129.9,0,0,0,0,0,8423.9,null,0,null,null,null,null,FALSE,FALSE,null,null,null,null,null,1,5,100,METHOD1,GROUP1,FALSE,PENAPR,PARDIS,100000
RAHULKUM_01,100000,UI28381Test28,12,MONTHS,2019-03-01,ANIVRSRY,null,FLAT,DAYS_30,DAYS_360,HORZNTL,PENALTY|FEES|INTEREST|PRNCIPAL,ADJTEN,1,2019-03-05,100000,2019-03-05,null,FIXED,5,EVENT,null,112,null,null,null,null,PERLNKAT,null,null,null,null,BZD,FDSBRMNT,1,12,MONTHS,FALSE,TRUE,100000,100000,null,EMI,1,MONTHS,null,null,SIN,2,,FIXED,0,0,0,TRUE,GI,null,1,2019-04-05,2019-03-05,2019-04-05,8257.2,0,91742.8,166.7,0,0,0,0,0,8423.9,null,0,null,null,null,null,FALSE,null,2,2019-05-07,2019-04-05,2019-05-07,8260.8,0,83482,163.1,0,0,0,0,0,8423.9,null,0,null,null,null,null,FALSE,null,3,2019-06-05,2019-05-07,2019-06-05,8294,0,75188,129.9,0,0,0,0,0,8423.9,null,0,null,null,null,null,FALSE,FALSE,null,null,null,null,null,1,5,100,METHOD1,GROUP1,FALSE,PENAPR,PARDIS,100000
RAHULKUM_01,100000,UI28381Test28,12,MONTHS,2019-03-01,ANIVRSRY,null,FLAT,DAYS_30,DAYS_360,HORZNTL,PENALTY|FEES|INTEREST|PRNCIPAL,ADJTEN,1,2019-03-05,100000,2019-03-05,PREPYMDT,FIXED,10,EVENT,null,112,null,null,null,null,PERLNKAT,null,null,null,null,BZD,FDSBRMNT,1,12,MONTHS,FALSE,TRUE,100000,100000,null,EMI,1,MONTHS,null,null,SIN,2,,FIXED,0,0,0,TRUE,GI,null,1,2019-04-05,2019-03-05,2019-04-05,8257.2,0,91742.8,166.7,0,0,0,0,0,8423.9,null,0,null,null,null,null,FALSE,null,2,2019-05-07,2019-04-05,2019-05-07,8260.8,0,83482,163.1,0,0,0,0,0,8423.9,null,0,null,null,null,null,FALSE,null,3,2019-06-05,2019-05-07,2019-06-05,8294,0,75188,129.9,0,0,0,0,0,8423.9,null,0,null,null,null,null,FALSE,FALSE,null,null,null,null,null,1,5,100,METHOD1,GROUP1,FALSE,PENAPR,PARDIS,100000
RAHULKUM_01,100000,UI28381Test28,12,MONTHS,2019-03-01,ANIVRSRY,null,FLAT,DAYS_30,DAYS_360,HORZNTL,PENALTY|FEES|INTEREST|PRNCIPAL,ADJTEN,1,2019-03-05,100000,2019-03-05,null,FIXED,null,EVENT,null,112,null,null,null,null,MKWHETRM,null,null,MONTHS,6,BZD,FDSBRMNT,1,12,MONTHS,FALSE,TRUE,100000,100000,null,EMI,1,MONTHS,null,null,SIN,2,,FIXED,0,0,0,TRUE,GI,null,1,2019-04-05,2019-03-05,2019-04-05,8257.2,0,91742.8,166.7,0,0,0,0,0,8423.9,null,0,null,null,null,null,FALSE,null,2,2019-05-07,2019-04-05,2019-05-07,8260.8,0,83482,163.1,0,0,0,0,0,8423.9,null,0,null,null,null,null,FALSE,null,3,2019-06-05,2019-05-07,2019-06-05,8294,0,75188,129.9,0,0,0,0,0,8423.9,null,0,null,null,null,null,FALSE,FALSE,null,null,null,null,null,1,5,100,METHOD1,GROUP1,FALSE,PENAPR,PARDIS,100000
RAHULKUM_01,100000,UI28381Test28,12,MONTHS,2019-03-01,ANIVRSRY,null,FLAT,DAYS_30,DAYS_360,HORZNTL,PENALTY|FEES|INTEREST|PRNCIPAL,ADJTEN,1,2019-03-05,100000,2019-03-05,null,FIXED,null,EVENT,null,112,null,null,null,null,MKWHETRM,null,null,MONTHS,null,BZD,FDSBRMNT,1,12,MONTHS,FALSE,TRUE,100000,100000,null,EMI,1,MONTHS,null,null,SIN,2,,FIXED,0,0,0,TRUE,GI,null,1,2019-04-05,2019-03-05,2019-04-05,8257.2,0,91742.8,166.7,0,0,0,0,0,8423.9,null,0,null,null,null,null,FALSE,null,2,2019-05-07,2019-04-05,2019-05-07,8260.8,0,83482,163.1,0,0,0,0,0,8423.9,null,0,null,null,null,null,FALSE,null,3,2019-06-05,2019-05-07,2019-06-05,8294,0,75188,129.9,0,0,0,0,0,8423.9,null,0,null,null,null,null,FALSE,FALSE,null,null,null,null,null,1,5,100,METHOD1,GROUP1,FALSE,PENAPR,PARDIS,100000
RAHULKUM_01,100000,UI28381Test28,12,MONTHS,2019-03-01,ANIVRSRY,null,FLAT,DAYS_30,DAYS_360,HORZNTL,PENALTY|FEES|INTEREST|PRNCIPAL,ADJTEN,1,2019-03-05,100000,2019-03-05,null,FIXED,null,EVENT,null,112,null,null,null,null,MKWHETRM,null,null,null,6,BZD,FDSBRMNT,1,12,MONTHS,FALSE,TRUE,100000,100000,null,EMI,1,MONTHS,null,null,SIN,2,,FIXED,0,0,0,TRUE,GI,null,1,2019-04-05,2019-03-05,2019-04-05,8257.2,0,91742.8,166.7,0,0,0,0,0,8423.9,null,0,null,null,null,null,FALSE,null,2,2019-05-07,2019-04-05,2019-05-07,8260.8,0,83482,163.1,0,0,0,0,0,8423.9,null,0,null,null,null,null,FALSE,null,3,2019-06-05,2019-05-07,2019-06-05,8294,0,75188,129.9,0,0,0,0,0,8423.9,null,0,null,null,null,null,FALSE,FALSE,null,null,null,null,null,1,5,100,METHOD1,GROUP1,FALSE,PENAPR,PARDIS,100000
RAHULKUM_01,100000,UI28381Test28,12,MONTHS,2019-03-01,ANIVRSRY,null,FLAT,DAYS_30,DAYS_360,HORZNTL,PENALTY|FEES|INTEREST|PRNCIPAL,ADJTEN,1,2019-03-05,100000,2019-03-05,null,FIXED,null,EVENT,10000,112,null,null,null,null,MKWHEAMT,null,null,null,null,BZD,FDSBRMNT,1,12,MONTHS,FALSE,TRUE,100000,100000,null,EMI,1,MONTHS,null,null,SIN,2,,FIXED,0,0,0,TRUE,GI,null,1,2019-04-05,2019-03-05,2019-04-05,8257.2,0,91742.8,166.7,0,0,0,0,0,8423.9,null,0,null,null,null,null,FALSE,null,2,2019-05-07,2019-04-05,2019-05-07,8260.8,0,83482,163.1,0,0,0,0,0,8423.9,null,0,null,null,null,null,FALSE,null,3,2019-06-05,2019-05-07,2019-06-05,8294,0,75188,129.9,0,0,0,0,0,8423.9,null,0,null,null,null,null,FALSE,FALSE,null,null,null,null,null,1,5,100,METHOD1,GROUP1,FALSE,PENAPR,PARDIS,100000
RAHULKUM_01,100000,UI28381Test28,12,MONTHS,2019-03-01,ANIVRSRY,null,FLAT,DAYS_30,DAYS_360,HORZNTL,PENALTY|FEES|INTEREST|PRNCIPAL,ADJTEN,1,2019-03-05,100000,2019-03-05,null,FIXED,null,EVENT,null,112,null,null,null,null,MKWHEAMT,null,null,null,null,BZD,FDSBRMNT,1,12,MONTHS,FALSE,TRUE,100000,100000,null,EMI,1,MONTHS,null,null,SIN,2,,FIXED,0,0,0,TRUE,GI,null,1,2019-04-05,2019-03-05,2019-04-05,8257.2,0,91742.8,166.7,0,0,0,0,0,8423.9,null,0,null,null,null,null,FALSE,null,2,2019-05-07,2019-04-05,2019-05-07,8260.8,0,83482,163.1,0,0,0,0,0,8423.9,null,0,null,null,null,null,FALSE,null,3,2019-06-05,2019-05-07,2019-06-05,8294,0,75188,129.9,0,0,0,0,0,8423.9,null,0,null,null,null,null,FALSE,FALSE,null,null,null,null,null,1,5,100,METHOD1,GROUP1,FALSE,PENAPR,PARDIS,100000
RAHULKUM_02,100000,UI28381Test28,12,MONTHS,2019-03-01,ANIVRSRY,null,FLAT,DAYS_30,DAYS_360,HORZNTL,PENALTY|FEES|INTEREST|PRNCIPAL,ADJTEN,1,2019-03-05,100000,2019-03-05,null,FIXED,null,EVENT,null,113,null,null,null,null,FLAT,500,null,null,null,BZD,FDSBRMNT,1,12,MONTHS,FALSE,TRUE,100000,100000,null,EMI,1,MONTHS,null,null,SIN,2,,FIXED,0,0,0,TRUE,GI,null,1,2019-04-05,2019-03-05,2019-04-05,8257.2,0,91742.8,166.7,0,0,0,0,0,8423.9,null,0,null,null,null,null,FALSE,null,2,2019-05-07,2019-04-05,2019-05-07,8260.8,0,83482,163.1,0,0,0,0,0,8423.9,null,0,null,null,null,null,FALSE,null,3,2019-06-05,2019-05-07,2019-06-05,8294,0,75188,129.9,0,0,0,0,0,8423.9,null,0,null,null,null,null,FALSE,FALSE,null,null,null,null,null,1,5,100,METHOD1,GROUP1,FALSE,PENAPR,PARDIS,100000
RAHULKUM_02,100000,UI28381Test28,12,MONTHS,2019-03-01,ANIVRSRY,null,FLAT,DAYS_30,DAYS_360,HORZNTL,PENALTY|FEES|INTEREST|PRNCIPAL,ADJTEN,1,2019-03-05,100000,2019-03-05,null,FIXED,null,EVENT,null,113,null,null,null,null,FLAT,500,null,null,null,BZD,REPAYMNT,1,12,MONTHS,FALSE,TRUE,100000,100000,null,EMI,1,MONTHS,null,null,SIN,2,,FIXED,0,0,0,TRUE,GI,null,1,2019-04-05,2019-03-05,2019-04-05,8257.2,0,91742.8,166.7,0,0,0,0,0,8423.9,null,0,null,null,null,null,FALSE,null,2,2019-05-07,2019-04-05,2019-05-07,8260.8,0,83482,163.1,0,0,0,0,0,8423.9,null,0,null,null,null,null,FALSE,null,3,2019-06-05,2019-05-07,2019-06-05,8294,0,75188,129.9,0,0,0,0,0,8423.9,null,0,null,null,null,null,FALSE,FALSE,null,null,null,null,null,1,5,100,METHOD1,GROUP1,FALSE,PENAPR,PARDIS,100000
RAHULKUM_02,100000,UI28381Test28,12,MONTHS,2019-03-01,ANIVRSRY,null,FLAT,DAYS_30,DAYS_360,HORZNTL,PENALTY|FEES|INTEREST|PRNCIPAL,ADJTEN,1,2019-03-05,100000,2019-03-05,null,FIXED,null,EVENT,null,113,null,null,null,null,FLAT,500,null,null,null,BZD,RESTRCTE,1,12,MONTHS,FALSE,TRUE,100000,100000,null,EMI,1,MONTHS,null,null,SIN,2,,FIXED,0,0,0,TRUE,GI,null,1,2019-04-05,2019-03-05,2019-04-05,8257.2,0,91742.8,166.7,0,0,0,0,0,8423.9,null,0,null,null,null,null,FALSE,null,2,2019-05-07,2019-04-05,2019-05-07,8260.8,0,83482,163.1,0,0,0,0,0,8423.9,null,0,null,null,null,null,FALSE,null,3,2019-06-05,2019-05-07,2019-06-05,8294,0,75188,129.9,0,0,0,0,0,8423.9,null,0,null,null,null,null,FALSE,FALSE,null,null,null,null,null,1,5,100,METHOD1,GROUP1,FALSE,PENAPR,PARDIS,100000
RAHULKUM_02,100000,UI28381Test28,12,MONTHS,2019-03-01,ANIVRSRY,null,FLAT,DAYS_30,DAYS_360,HORZNTL,PENALTY|FEES|INTEREST|PRNCIPAL,ADJTEN,1,2019-03-05,100000,2019-03-05,null,FIXED,null,EVENT,null,113,null,null,null,null,FLAT,500,null,null,null,BZD,TERMNATN,1,12,MONTHS,FALSE,TRUE,100000,100000,null,EMI,1,MONTHS,null,null,SIN,2,,FIXED,0,0,0,TRUE,GI,null,1,2019-04-05,2019-03-05,2019-04-05,8257.2,0,91742.8,166.7,0,0,0,0,0,8423.9,null,0,null,null,null,null,FALSE,null,2,2019-05-07,2019-04-05,2019-05-07,8260.8,0,83482,163.1,0,0,0,0,0,8423.9,null,0,null,null,null,null,FALSE,null,3,2019-06-05,2019-05-07,2019-06-05,8294,0,75188,129.9,0,0,0,0,0,8423.9,null,0,null,null,null,null,FALSE,FALSE,null,null,null,null,null,1,5,100,METHOD1,GROUP1,FALSE,PENAPR,PARDIS,100000
RAHULKUM_02,100000,UI28381Test28,12,MONTHS,2019-03-01,ANIVRSRY,null,FLAT,DAYS_30,DAYS_360,HORZNTL,PENALTY|FEES|INTEREST|PRNCIPAL,ADJTEN,1,2019-03-05,100000,2019-03-05,null,FIXED,null,EVENT,null,113,null,null,null,null,FLAT,500,null,null,null,BZD,PREPYMNT,1,12,MONTHS,FALSE,TRUE,100000,100000,null,EMI,1,MONTHS,null,null,SIN,2,,FIXED,0,0,0,TRUE,GI,null,1,2019-04-05,2019-03-05,2019-04-05,8257.2,0,91742.8,166.7,0,0,0,0,0,8423.9,null,0,null,null,null,null,FALSE,null,2,2019-05-07,2019-04-05,2019-05-07,8260.8,0,83482,163.1,0,0,0,0,0,8423.9,null,0,null,null,null,null,FALSE,null,3,2019-06-05,2019-05-07,2019-06-05,8294,0,75188,129.9,0,0,0,0,0,8423.9,null,0,null,null,null,null,FALSE,FALSE,null,null,null,null,null,1,5,100,METHOD1,GROUP1,FALSE,PENAPR,PARDIS,100000
RAHULKUM_02,100000,UI28381Test28,12,MONTHS,2019-03-01,ANIVRSRY,null,FLAT,DAYS_30,DAYS_360,HORZNTL,PENALTY|FEES|INTEREST|PRNCIPAL,ADJTEN,1,2019-03-05,100000,2019-03-05,OSTDPCPL,FIXED,50,EVENT,null,113,null,null,null,null,PERLNKAT,null,null,null,,BZD,FDSBRMNT,1,12,MONTHS,FALSE,TRUE,100000,100000,null,EMI,1,MONTHS,null,null,SIN,2,,FIXED,0,0,0,TRUE,GI,null,1,2019-04-05,2019-03-05,2019-04-05,8257.2,0,91742.8,166.7,0,0,0,0,0,8423.9,null,0,null,null,null,null,FALSE,null,2,2019-05-07,2019-04-05,2019-05-07,8260.8,0,83482,163.1,0,0,0,0,0,8423.9,null,0,null,null,null,null,FALSE,null,3,2019-06-05,2019-05-07,2019-06-05,8294,0,75188,129.9,0,0,0,0,0,8423.9,null,0,null,null,null,null,FALSE,FALSE,null,null,null,null,null,1,5,100,METHOD1,GROUP1,FALSE,PENAPR,PARDIS,100000
RAHULKUM_02,100000,UI28381Test28,12,MONTHS,2019-03-01,ANIVRSRY,null,FLAT,DAYS_30,DAYS_360,HORZNTL,PENALTY|FEES|INTEREST|PRNCIPAL,ADJTEN,1,2019-03-05,100000,2019-03-05,PREPDAMT,FIXED,40,EVENT,null,113,null,null,null,null,PERLNKAT,null,null,null,,BZD,FDSBRMNT,1,12,MONTHS,FALSE,TRUE,100000,100000,null,EMI,1,MONTHS,null,null,SIN,2,,FIXED,0,0,0,TRUE,GI,null,1,2019-04-05,2019-03-05,2019-04-05,8257.2,0,91742.8,166.7,0,0,0,0,0,8423.9,null,0,null,null,null,null,FALSE,null,2,2019-05-07,2019-04-05,2019-05-07,8260.8,0,83482,163.1,0,0,0,0,0,8423.9,null,0,null,null,null,null,FALSE,null,3,2019-06-05,2019-05-07,2019-06-05,8294,0,75188,129.9,0,0,0,0,0,8423.9,null,0,null,null,null,null,FALSE,FALSE,null,null,null,null,null,1,5,100,METHOD1,GROUP1,FALSE,PENAPR,PARDIS,100000
RAHULKUM_02,100000,UI28381Test28,12,MONTHS,2019-03-01,ANIVRSRY,null,FLAT,DAYS_30,DAYS_360,HORZNTL,PENALTY|FEES|INTEREST|PRNCIPAL,ADJTEN,1,2019-03-05,100000,2019-03-05,UNUTIAMT,FIXED,20,EVENT,null,113,null,null,null,null,PERLNKAT,null,null,null,,BZD,FDSBRMNT,1,12,MONTHS,FALSE,TRUE,100000,100000,null,EMI,1,MONTHS,null,null,SIN,2,,FIXED,0,0,0,TRUE,GI,null,1,2019-04-05,2019-03-05,2019-04-05,8257.2,0,91742.8,166.7,0,0,0,0,0,8423.9,null,0,null,null,null,null,FALSE,null,2,2019-05-07,2019-04-05,2019-05-07,8260.8,0,83482,163.1,0,0,0,0,0,8423.9,null,0,null,null,null,null,FALSE,null,3,2019-06-05,2019-05-07,2019-06-05,8294,0,75188,129.9,0,0,0,0,0,8423.9,null,0,null,null,null,null,FALSE,FALSE,null,null,null,null,null,1,5,100,METHOD1,GROUP1,FALSE,PENAPR,PARDIS,100000
RAHULKUM_02,100000,UI28381Test28,12,MONTHS,2019-03-01,ANIVRSRY,null,FLAT,DAYS_30,DAYS_360,HORZNTL,PENALTY|FEES|INTEREST|PRNCIPAL,ADJTEN,1,2019-03-05,100000,2019-03-05,LOANAMNT,FIXED,10,EVENT,null,113,null,null,null,null,PERLNKAT,null,null,null,,BZD,FDSBRMNT,1,12,MONTHS,FALSE,TRUE,100000,100000,null,EMI,1,MONTHS,null,null,SIN,2,,FIXED,0,0,0,TRUE,GI,null,1,2019-04-05,2019-03-05,2019-04-05,8257.2,0,91742.8,166.7,0,0,0,0,0,8423.9,null,0,null,null,null,null,FALSE,null,2,2019-05-07,2019-04-05,2019-05-07,8260.8,0,83482,163.1,0,0,0,0,0,8423.9,null,0,null,null,null,null,FALSE,null,3,2019-06-05,2019-05-07,2019-06-05,8294,0,75188,129.9,0,0,0,0,0,8423.9,null,0,null,null,null,null,FALSE,FALSE,null,null,null,null,null,1,5,100,METHOD1,GROUP1,FALSE,PENAPR,PARDIS,100000
RAHULKUM_02,100000,UI28381Test28,12,MONTHS,2019-03-01,ANIVRSRY,null,FLAT,DAYS_30,DAYS_360,HORZNTL,PENALTY|FEES|INTEREST|PRNCIPAL,ADJTEN,1,2019-03-05,100000,2019-03-05,DBBRSAMT,FIXED,10,EVENT,null,113,null,null,null,null,PERLNKAT,null,null,null,,BZD,FDSBRMNT,1,12,MONTHS,FALSE,TRUE,100000,100000,null,EMI,1,MONTHS,null,null,SIN,2,,FIXED,0,0,0,TRUE,GI,null,1,2019-04-05,2019-03-05,2019-04-05,8257.2,0,91742.8,166.7,0,0,0,0,0,8423.9,null,0,null,null,null,null,FALSE,null,2,2019-05-07,2019-04-05,2019-05-07,8260.8,0,83482,163.1,0,0,0,0,0,8423.9,null,0,null,null,null,null,FALSE,null,3,2019-06-05,2019-05-07,2019-06-05,8294,0,75188,129.9,0,0,0,0,0,8423.9,null,0,null,null,null,null,FALSE,FALSE,null,null,null,null,null,1,5,100,METHOD1,GROUP1,FALSE,PENAPR,PARDIS,100000
RAHULKUM_02,100000,UI28381Test28,12,MONTHS,2019-03-01,ANIVRSRY,null,FLAT,DAYS_30,DAYS_360,HORZNTL,PENALTY|FEES|INTEREST|PRNCIPAL,ADJTEN,1,2019-03-05,100000,2019-03-05,PREPYMDT,FIXED,10,EVENT,null,113,null,null,null,null,PERLNKAT,null,null,null,,BZD,FDSBRMNT,1,12,MONTHS,FALSE,TRUE,100000,100000,null,EMI,1,MONTHS,null,null,SIN,2,,FIXED,0,0,0,TRUE,GI,null,1,2019-04-05,2019-03-05,2019-04-05,8257.2,0,91742.8,166.7,0,0,0,0,0,8423.9,null,0,null,null,null,null,FALSE,null,2,2019-05-07,2019-04-05,2019-05-07,8260.8,0,83482,163.1,0,0,0,0,0,8423.9,null,0,null,null,null,null,FALSE,null,3,2019-06-05,2019-05-07,2019-06-05,8294,0,75188,129.9,0,0,0,0,0,8423.9,null,0,null,null,null,null,FALSE,FALSE,null,null,null,null,null,1,5,100,METHOD1,GROUP1,FALSE,PENAPR,PARDIS,100000
RAHULKUM_02,100000,UI28381Test28,12,MONTHS,2019-03-01,ANIVRSRY,null,FLAT,DAYS_30,DAYS_360,HORZNTL,PENALTY|FEES|INTEREST|PRNCIPAL,ADJTEN,1,2019-03-05,100000,2019-03-05,null,FIXED,null,EVENT,null,113,null,null,null,null,MKWHETRM,null,null,MONTHS,6,BZD,FDSBRMNT,1,12,MONTHS,FALSE,TRUE,100000,100000,null,EMI,1,MONTHS,null,null,SIN,2,,FIXED,0,0,0,TRUE,GI,null,1,2019-04-05,2019-03-05,2019-04-05,8257.2,0,91742.8,166.7,0,0,0,0,0,8423.9,null,0,null,null,null,null,FALSE,null,2,2019-05-07,2019-04-05,2019-05-07,8260.8,0,83482,163.1,0,0,0,0,0,8423.9,null,0,null,null,null,null,FALSE,null,3,2019-06-05,2019-05-07,2019-06-05,8294,0,75188,129.9,0,0,0,0,0,8423.9,null,0,null,null,null,null,FALSE,FALSE,null,null,null,null,null,1,5,100,METHOD1,GROUP1,FALSE,PENAPR,PARDIS,100000
RAHULKUM_02,100000,UI28381Test28,12,MONTHS,2019-03-01,ANIVRSRY,null,FLAT,DAYS_30,DAYS_360,HORZNTL,PENALTY|FEES|INTEREST|PRNCIPAL,ADJTEN,1,2019-03-05,100000,2019-03-05,null,FIXED,null,EVENT,10000,113,null,null,null,null,MKWHEAMT,null,null,null,null,BZD,FDSBRMNT,1,12,MONTHS,FALSE,TRUE,100000,100000,null,EMI,1,MONTHS,null,null,SIN,2,,FIXED,0,0,0,TRUE,GI,null,1,2019-04-05,2019-03-05,2019-04-05,8257.2,0,91742.8,166.7,0,0,0,0,0,8423.9,null,0,null,null,null,null,FALSE,null,2,2019-05-07,2019-04-05,2019-05-07,8260.8,0,83482,163.1,0,0,0,0,0,8423.9,null,0,null,null,null,null,FALSE,null,3,2019-06-05,2019-05-07,2019-06-05,8294,0,75188,129.9,0,0,0,0,0,8423.9,null,0,null,null,null,null,FALSE,FALSE,null,null,null,null,null,1,5,100,METHOD1,GROUP1,FALSE,PENAPR,PARDIS,100000
UIAddFeeLoan_03,100000,UI28381Test28,12,MONTHS,2019-03-01,ANIVRSRY,null,FLAT,DAYS_30,DAYS_360,HORZNTL,PENALTY|FEES|INTEREST|PRNCIPAL,ADJTEN,1,2019-03-05,100000,2019-03-05,null,FIXED,null,EVENT,null,209,null,null,null,null,FLAT,500,null,null,null,BZD,FDSBRMNT,1,12,MONTHS,FALSE,TRUE,100000,100000,null,EMI,1,MONTHS,null,null,SIN,2,,FIXED,0,0,0,TRUE,GI,null,1,2019-04-05,2019-03-05,2019-04-05,8257.2,0,91742.8,166.7,0,0,0,0,0,8423.9,null,0,null,null,null,null,FALSE,null,2,2019-05-07,2019-04-05,2019-05-07,8260.8,0,83482,163.1,0,0,0,0,0,8423.9,null,0,null,null,null,null,FALSE,null,3,2019-06-05,2019-05-07,2019-06-05,8294,0,75188,129.9,0,0,0,0,0,8423.9,null,0,null,null,null,null,FALSE,FALSE,null,null,null,null,null,1,5,100,METHOD1,GROUP1,FALSE,PENAPR,PARDIS,100000
UIAddFeeLoan_03,100000,UI28381Test28,12,MONTHS,2019-03-01,ANIVRSRY,null,FLAT,DAYS_30,DAYS_360,HORZNTL,PENALTY|FEES|INTEREST|PRNCIPAL,ADJTEN,1,2019-03-05,100000,2019-03-05,null,FIXED,null,EVENT,null,209,null,null,null,null,FLAT,500,null,null,null,BZD,REPAYMNT,1,12,MONTHS,FALSE,TRUE,100000,100000,null,EMI,1,MONTHS,null,null,SIN,2,,FIXED,0,0,0,TRUE,GI,null,1,2019-04-05,2019-03-05,2019-04-05,8257.2,0,91742.8,166.7,0,0,0,0,0,8423.9,null,0,null,null,null,null,FALSE,null,2,2019-05-07,2019-04-05,2019-05-07,8260.8,0,83482,163.1,0,0,0,0,0,8423.9,null,0,null,null,null,null,FALSE,null,3,2019-06-05,2019-05-07,2019-06-05,8294,0,75188,129.9,0,0,0,0,0,8423.9,null,0,null,null,null,null,FALSE,FALSE,null,null,null,null,null,1,5,100,METHOD1,GROUP1,FALSE,PENAPR,PARDIS,100000
UIAddFeeLoan_03,100000,UI28381Test28,12,MONTHS,2019-03-01,ANIVRSRY,null,FLAT,DAYS_30,DAYS_360,HORZNTL,PENALTY|FEES|INTEREST|PRNCIPAL,ADJTEN,1,2019-03-05,100000,2019-03-05,null,FIXED,null,EVENT,null,209,null,null,null,null,FLAT,500,null,null,null,BZD,RESTRCTE,1,12,MONTHS,FALSE,TRUE,100000,100000,null,EMI,1,MONTHS,null,null,SIN,2,,FIXED,0,0,0,TRUE,GI,null,1,2019-04-05,2019-03-05,2019-04-05,8257.2,0,91742.8,166.7,0,0,0,0,0,8423.9,null,0,null,null,null,null,FALSE,null,2,2019-05-07,2019-04-05,2019-05-07,8260.8,0,83482,163.1,0,0,0,0,0,8423.9,null,0,null,null,null,null,FALSE,null,3,2019-06-05,2019-05-07,2019-06-05,8294,0,75188,129.9,0,0,0,0,0,8423.9,null,0,null,null,null,null,FALSE,FALSE,null,null,null,null,null,1,5,100,METHOD1,GROUP1,FALSE,PENAPR,PARDIS,100000
UIAddFeeLoan_03,100000,UI28381Test28,12,MONTHS,2019-03-01,ANIVRSRY,null,FLAT,DAYS_30,DAYS_360,HORZNTL,PENALTY|FEES|INTEREST|PRNCIPAL,ADJTEN,1,2019-03-05,100000,2019-03-05,null,FIXED,null,EVENT,null,209,null,null,null,null,FLAT,500,null,null,null,BZD,TERMNATN,1,12,MONTHS,FALSE,TRUE,100000,100000,null,EMI,1,MONTHS,null,null,SIN,2,,FIXED,0,0,0,TRUE,GI,null,1,2019-04-05,2019-03-05,2019-04-05,8257.2,0,91742.8,166.7,0,0,0,0,0,8423.9,null,0,null,null,null,null,FALSE,null,2,2019-05-07,2019-04-05,2019-05-07,8260.8,0,83482,163.1,0,0,0,0,0,8423.9,null,0,null,null,null,null,FALSE,null,3,2019-06-05,2019-05-07,2019-06-05,8294,0,75188,129.9,0,0,0,0,0,8423.9,null,0,null,null,null,null,FALSE,FALSE,null,null,null,null,null,1,5,100,METHOD1,GROUP1,FALSE,PENAPR,PARDIS,100000
UIAddFeeLoan_03,100000,UI28381Test28,12,MONTHS,2019-03-01,ANIVRSRY,null,FLAT,DAYS_30,DAYS_360,HORZNTL,PENALTY|FEES|INTEREST|PRNCIPAL,ADJTEN,1,2019-03-05,100000,2019-03-05,null,FIXED,null,EVENT,null,209,null,null,null,null,FLAT,500,null,null,null,BZD,PREPYMNT,1,12,MONTHS,FALSE,TRUE,100000,100000,null,EMI,1,MONTHS,null,null,SIN,2,,FIXED,0,0,0,TRUE,GI,null,1,2019-04-05,2019-03-05,2019-04-05,8257.2,0,91742.8,166.7,0,0,0,0,0,8423.9,null,0,null,null,null,null,FALSE,null,2,2019-05-07,2019-04-05,2019-05-07,8260.8,0,83482,163.1,0,0,0,0,0,8423.9,null,0,null,null,null,null,FALSE,null,3,2019-06-05,2019-05-07,2019-06-05,8294,0,75188,129.9,0,0,0,0,0,8423.9,null,0,null,null,null,null,FALSE,FALSE,null,null,null,null,null,1,5,100,METHOD1,GROUP1,FALSE,PENAPR,PARDIS,100000
UIAddFeeLoan_03,100000,UI28381Test28,12,MONTHS,2019-03-01,ANIVRSRY,null,FLAT,DAYS_30,DAYS_360,HORZNTL,PENALTY|FEES|INTEREST|PRNCIPAL,ADJTEN,1,2019-03-05,100000,2019-03-05,OSTDPCPL,FIXED,50,EVENT,null,209,null,null,null,null,PERLNKAT,null,null,null,,BZD,FDSBRMNT,1,12,MONTHS,FALSE,TRUE,100000,100000,null,EMI,1,MONTHS,null,null,SIN,2,,FIXED,0,0,0,TRUE,GI,null,1,2019-04-05,2019-03-05,2019-04-05,8257.2,0,91742.8,166.7,0,0,0,0,0,8423.9,null,0,null,null,null,null,FALSE,null,2,2019-05-07,2019-04-05,2019-05-07,8260.8,0,83482,163.1,0,0,0,0,0,8423.9,null,0,null,null,null,null,FALSE,null,3,2019-06-05,2019-05-07,2019-06-05,8294,0,75188,129.9,0,0,0,0,0,8423.9,null,0,null,null,null,null,FALSE,FALSE,null,null,null,null,null,1,5,100,METHOD1,GROUP1,FALSE,PENAPR,PARDIS,100000
UIAddFeeLoan_03,100000,UI28381Test28,12,MONTHS,2019-03-01,ANIVRSRY,null,FLAT,DAYS_30,DAYS_360,HORZNTL,PENALTY|FEES|INTEREST|PRNCIPAL,ADJTEN,1,2019-03-05,100000,2019-03-05,PREPDAMT,FIXED,40,EVENT,null,209,null,null,null,null,PERLNKAT,null,null,null,,BZD,FDSBRMNT,1,12,MONTHS,FALSE,TRUE,100000,100000,null,EMI,1,MONTHS,null,null,SIN,2,,FIXED,0,0,0,TRUE,GI,null,1,2019-04-05,2019-03-05,2019-04-05,8257.2,0,91742.8,166.7,0,0,0,0,0,8423.9,null,0,null,null,null,null,FALSE,null,2,2019-05-07,2019-04-05,2019-05-07,8260.8,0,83482,163.1,0,0,0,0,0,8423.9,null,0,null,null,null,null,FALSE,null,3,2019-06-05,2019-05-07,2019-06-05,8294,0,75188,129.9,0,0,0,0,0,8423.9,null,0,null,null,null,null,FALSE,FALSE,null,null,null,null,null,1,5,100,METHOD1,GROUP1,FALSE,PENAPR,PARDIS,100000
UIAddFeeLoan_03,100000,UI28381Test28,12,MONTHS,2019-03-01,ANIVRSRY,null,FLAT,DAYS_30,DAYS_360,HORZNTL,PENALTY|FEES|INTEREST|PRNCIPAL,ADJTEN,1,2019-03-05,100000,2019-03-05,UNUTIAMT,FIXED,20,EVENT,null,209,null,null,null,null,PERLNKAT,null,null,null,,BZD,FDSBRMNT,1,12,MONTHS,FALSE,TRUE,100000,100000,null,EMI,1,MONTHS,null,null,SIN,2,,FIXED,0,0,0,TRUE,GI,null,1,2019-04-05,2019-03-05,2019-04-05,8257.2,0,91742.8,166.7,0,0,0,0,0,8423.9,null,0,null,null,null,null,FALSE,null,2,2019-05-07,2019-04-05,2019-05-07,8260.8,0,83482,163.1,0,0,0,0,0,8423.9,null,0,null,null,null,null,FALSE,null,3,2019-06-05,2019-05-07,2019-06-05,8294,0,75188,129.9,0,0,0,0,0,8423.9,null,0,null,null,null,null,FALSE,FALSE,null,null,null,null,null,1,5,100,METHOD1,GROUP1,FALSE,PENAPR,PARDIS,100000
UIAddFeeLoan_03,100000,UI28381Test28,12,MONTHS,2019-03-01,ANIVRSRY,null,FLAT,DAYS_30,DAYS_360,HORZNTL,PENALTY|FEES|INTEREST|PRNCIPAL,ADJTEN,1,2019-03-05,100000,2019-03-05,LOANAMNT,FIXED,10,EVENT,null,209,null,null,null,null,PERLNKAT,null,null,null,,BZD,FDSBRMNT,1,12,MONTHS,FALSE,TRUE,100000,100000,null,EMI,1,MONTHS,null,null,SIN,2,,FIXED,0,0,0,TRUE,GI,null,1,2019-04-05,2019-03-05,2019-04-05,8257.2,0,91742.8,166.7,0,0,0,0,0,8423.9,null,0,null,null,null,null,FALSE,null,2,2019-05-07,2019-04-05,2019-05-07,8260.8,0,83482,163.1,0,0,0,0,0,8423.9,null,0,null,null,null,null,FALSE,null,3,2019-06-05,2019-05-07,2019-06-05,8294,0,75188,129.9,0,0,0,0,0,8423.9,null,0,null,null,null,null,FALSE,FALSE,null,null,null,null,null,1,5,100,METHOD1,GROUP1,FALSE,PENAPR,PARDIS,100000
UIAddFeeLoan_03,100000,UI28381Test28,12,MONTHS,2019-03-01,ANIVRSRY,null,FLAT,DAYS_30,DAYS_360,HORZNTL,PENALTY|FEES|INTEREST|PRNCIPAL,ADJTEN,1,2019-03-05,100000,2019-03-05,DBBRSAMT,FIXED,10,EVENT,null,209,null,null,null,null,PERLNKAT,null,null,null,,BZD,FDSBRMNT,1,12,MONTHS,FALSE,TRUE,100000,100000,null,EMI,1,MONTHS,null,null,SIN,2,,FIXED,0,0,0,TRUE,GI,null,1,2019-04-05,2019-03-05,2019-04-05,8257.2,0,91742.8,166.7,0,0,0,0,0,8423.9,null,0,null,null,null,null,FALSE,null,2,2019-05-07,2019-04-05,2019-05-07,8260.8,0,83482,163.1,0,0,0,0,0,8423.9,null,0,null,null,null,null,FALSE,null,3,2019-06-05,2019-05-07,2019-06-05,8294,0,75188,129.9,0,0,0,0,0,8423.9,null,0,null,null,null,null,FALSE,FALSE,null,null,null,null,null,1,5,100,METHOD1,GROUP1,FALSE,PENAPR,PARDIS,100000
UIAddFeeLoan_03,100000,UI28381Test28,12,MONTHS,2019-03-01,ANIVRSRY,null,FLAT,DAYS_30,DAYS_360,HORZNTL,PENALTY|FEES|INTEREST|PRNCIPAL,ADJTEN,1,2019-03-05,100000,2019-03-05,PREPYMDT,FIXED,10,EVENT,null,209,null,null,null,null,PERLNKAT,null,null,null,,BZD,FDSBRMNT,1,12,MONTHS,FALSE,TRUE,100000,100000,null,EMI,1,MONTHS,null,null,SIN,2,,FIXED,0,0,0,TRUE,GI,null,1,2019-04-05,2019-03-05,2019-04-05,8257.2,0,91742.8,166.7,0,0,0,0,0,8423.9,null,0,null,null,null,null,FALSE,null,2,2019-05-07,2019-04-05,2019-05-07,8260.8,0,83482,163.1,0,0,0,0,0,8423.9,null,0,null,null,null,null,FALSE,null,3,2019-06-05,2019-05-07,2019-06-05,8294,0,75188,129.9,0,0,0,0,0,8423.9,null,0,null,null,null,null,FALSE,FALSE,null,null,null,null,null,1,5,100,METHOD1,GROUP1,FALSE,PENAPR,PARDIS,100000
UIAddFeeLoan_03,100000,UI28381Test28,12,MONTHS,2019-03-01,ANIVRSRY,null,FLAT,DAYS_30,DAYS_360,HORZNTL,PENALTY|FEES|INTEREST|PRNCIPAL,ADJTEN,1,2019-03-05,100000,2019-03-05,null,FIXED,null,EVENT,null,209,null,null,null,null,MKWHETRM,null,null,MONTHS,6,BZD,FDSBRMNT,1,12,MONTHS,FALSE,TRUE,100000,100000,null,EMI,1,MONTHS,null,null,SIN,2,,FIXED,0,0,0,TRUE,GI,null,1,2019-04-05,2019-03-05,2019-04-05,8257.2,0,91742.8,166.7,0,0,0,0,0,8423.9,null,0,null,null,null,null,FALSE,null,2,2019-05-07,2019-04-05,2019-05-07,8260.8,0,83482,163.1,0,0,0,0,0,8423.9,null,0,null,null,null,null,FALSE,null,3,2019-06-05,2019-05-07,2019-06-05,8294,0,75188,129.9,0,0,0,0,0,8423.9,null,0,null,null,null,null,FALSE,FALSE,null,null,null,null,null,1,5,100,METHOD1,GROUP1,FALSE,PENAPR,PARDIS,100000
UIAddFeeLoan_03,100000,UI28381Test28,12,MONTHS,2019-03-01,ANIVRSRY,null,FLAT,DAYS_30,DAYS_360,HORZNTL,PENALTY|FEES|INTEREST|PRNCIPAL,ADJTEN,1,2019-03-05,100000,2019-03-05,null,FIXED,null,EVENT,10000,209,null,null,null,null,MKWHEAMT,null,null,null,null,BZD,FDSBRMNT,1,12,MONTHS,FALSE,TRUE,100000,100000,null,EMI,1,MONTHS,null,null,SIN,2,,FIXED,0,0,0,TRUE,GI,null,1,2019-04-05,2019-03-05,2019-04-05,8257.2,0,91742.8,166.7,0,0,0,0,0,8423.9,null,0,null,null,null,null,FALSE,null,2,2019-05-07,2019-04-05,2019-05-07,8260.8,0,83482,163.1,0,0,0,0,0,8423.9,null,0,null,null,null,null,FALSE,null,3,2019-06-05,2019-05-07,2019-06-05,8294,0,75188,129.9,0,0,0,0,0,8423.9,null,0,null,null,null,null,FALSE,FALSE,null,null,null,null,null,1,5,100,METHOD1,GROUP1,FALSE,PENAPR,PARDIS,100000
0ProductMap,100000,UI28381Test28,12,MONTHS,2019-03-01,ANIVRSRY,null,FLAT,DAYS_30,DAYS_360,HORZNTL,PENALTY|FEES|INTEREST|PRNCIPAL,ADJTEN,1,2019-03-05,100000,2019-03-05,null,FIXED,null,EVENT,null,210,null,null,null,null,FLAT,500,null,null,null,BZD,FDSBRMNT,1,12,MONTHS,FALSE,TRUE,100000,100000,null,EMI,1,MONTHS,null,null,SIN,2,,FIXED,0,0,0,TRUE,GI,null,1,2019-04-05,2019-03-05,2019-04-05,8257.2,0,91742.8,166.7,0,0,0,0,0,8423.9,null,0,null,null,null,null,FALSE,null,2,2019-05-07,2019-04-05,2019-05-07,8260.8,0,83482,163.1,0,0,0,0,0,8423.9,null,0,null,null,null,null,FALSE,null,3,2019-06-05,2019-05-07,2019-06-05,8294,0,75188,129.9,0,0,0,0,0,8423.9,null,0,null,null,null,null,FALSE,FALSE,null,null,null,null,null,1,5,100,METHOD1,GROUP1,FALSE,PENAPR,PARDIS,100000
0ProductMap,100000,UI28381Test28,12,MONTHS,2019-03-01,ANIVRSRY,null,FLAT,DAYS_30,DAYS_360,HORZNTL,PENALTY|FEES|INTEREST|PRNCIPAL,ADJTEN,1,2019-03-05,100000,2019-03-05,null,FIXED,null,EVENT,null,210,null,null,null,null,FLAT,500,null,null,null,BZD,REPAYMNT,1,12,MONTHS,FALSE,TRUE,100000,100000,null,EMI,1,MONTHS,null,null,SIN,2,,FIXED,0,0,0,TRUE,GI,null,1,2019-04-05,2019-03-05,2019-04-05,8257.2,0,91742.8,166.7,0,0,0,0,0,8423.9,null,0,null,null,null,null,FALSE,null,2,2019-05-07,2019-04-05,2019-05-07,8260.8,0,83482,163.1,0,0,0,0,0,8423.9,null,0,null,null,null,null,FALSE,null,3,2019-06-05,2019-05-07,2019-06-05,8294,0,75188,129.9,0,0,0,0,0,8423.9,null,0,null,null,null,null,FALSE,FALSE,null,null,null,null,null,1,5,100,METHOD1,GROUP1,FALSE,PENAPR,PARDIS,100000
0ProductMap,100000,UI28381Test28,12,MONTHS,2019-03-01,ANIVRSRY,null,FLAT,DAYS_30,DAYS_360,HORZNTL,PENALTY|FEES|INTEREST|PRNCIPAL,ADJTEN,1,2019-03-05,100000,2019-03-05,null,FIXED,null,EVENT,null,210,null,null,null,null,FLAT,500,null,null,null,BZD,RESTRCTE,1,12,MONTHS,FALSE,TRUE,100000,100000,null,EMI,1,MONTHS,null,null,SIN,2,,FIXED,0,0,0,TRUE,GI,null,1,2019-04-05,2019-03-05,2019-04-05,8257.2,0,91742.8,166.7,0,0,0,0,0,8423.9,null,0,null,null,null,null,FALSE,null,2,2019-05-07,2019-04-05,2019-05-07,8260.8,0,83482,163.1,0,0,0,0,0,8423.9,null,0,null,null,null,null,FALSE,null,3,2019-06-05,2019-05-07,2019-06-05,8294,0,75188,129.9,0,0,0,0,0,8423.9,null,0,null,null,null,null,FALSE,FALSE,null,null,null,null,null,1,5,100,METHOD1,GROUP1,FALSE,PENAPR,PARDIS,100000
0ProductMap,100000,UI28381Test28,12,MONTHS,2019-03-01,ANIVRSRY,null,FLAT,DAYS_30,DAYS_360,HORZNTL,PENALTY|FEES|INTEREST|PRNCIPAL,ADJTEN,1,2019-03-05,100000,2019-03-05,null,FIXED,null,EVENT,null,210,null,null,null,null,FLAT,500,null,null,null,BZD,TERMNATN,1,12,MONTHS,FALSE,TRUE,100000,100000,null,EMI,1,MONTHS,null,null,SIN,2,,FIXED,0,0,0,TRUE,GI,null,1,2019-04-05,2019-03-05,2019-04-05,8257.2,0,91742.8,166.7,0,0,0,0,0,8423.9,null,0,null,null,null,null,FALSE,null,2,2019-05-07,2019-04-05,2019-05-07,8260.8,0,83482,163.1,0,0,0,0,0,8423.9,null,0,null,null,null,null,FALSE,null,3,2019-06-05,2019-05-07,2019-06-05,8294,0,75188,129.9,0,0,0,0,0,8423.9,null,0,null,null,null,null,FALSE,FALSE,null,null,null,null,null,1,5,100,METHOD1,GROUP1,FALSE,PENAPR,PARDIS,100000
0ProductMap,100000,UI28381Test28,12,MONTHS,2019-03-01,ANIVRSRY,null,FLAT,DAYS_30,DAYS_360,HORZNTL,PENALTY|FEES|INTEREST|PRNCIPAL,ADJTEN,1,2019-03-05,100000,2019-03-05,null,FIXED,null,EVENT,null,210,null,null,null,null,FLAT,500,null,null,null,BZD,PREPYMNT,1,12,MONTHS,FALSE,TRUE,100000,100000,null,EMI,1,MONTHS,null,null,SIN,2,,FIXED,0,0,0,TRUE,GI,null,1,2019-04-05,2019-03-05,2019-04-05,8257.2,0,91742.8,166.7,0,0,0,0,0,8423.9,null,0,null,null,null,null,FALSE,null,2,2019-05-07,2019-04-05,2019-05-07,8260.8,0,83482,163.1,0,0,0,0,0,8423.9,null,0,null,null,null,null,FALSE,null,3,2019-06-05,2019-05-07,2019-06-05,8294,0,75188,129.9,0,0,0,0,0,8423.9,null,0,null,null,null,null,FALSE,FALSE,null,null,null,null,null,1,5,100,METHOD1,GROUP1,FALSE,PENAPR,PARDIS,100000
0ProductMap,100000,UI28381Test28,12,MONTHS,2019-03-01,ANIVRSRY,null,FLAT,DAYS_30,DAYS_360,HORZNTL,PENALTY|FEES|INTEREST|PRNCIPAL,ADJTEN,1,2019-03-05,100000,2019-03-05,OSTDPCPL,FIXED,50,EVENT,null,210,null,null,null,null,PERLNKAT,null,null,null,,BZD,FDSBRMNT,1,12,MONTHS,FALSE,TRUE,100000,100000,null,EMI,1,MONTHS,null,null,SIN,2,,FIXED,0,0,0,TRUE,GI,null,1,2019-04-05,2019-03-05,2019-04-05,8257.2,0,91742.8,166.7,0,0,0,0,0,8423.9,null,0,null,null,null,null,FALSE,null,2,2019-05-07,2019-04-05,2019-05-07,8260.8,0,83482,163.1,0,0,0,0,0,8423.9,null,0,null,null,null,null,FALSE,null,3,2019-06-05,2019-05-07,2019-06-05,8294,0,75188,129.9,0,0,0,0,0,8423.9,null,0,null,null,null,null,FALSE,FALSE,null,null,null,null,null,1,5,100,METHOD1,GROUP1,FALSE,PENAPR,PARDIS,100000
0ProductMap,100000,UI28381Test28,12,MONTHS,2019-03-01,ANIVRSRY,null,FLAT,DAYS_30,DAYS_360,HORZNTL,PENALTY|FEES|INTEREST|PRNCIPAL,ADJTEN,1,2019-03-05,100000,2019-03-05,PREPDAMT,FIXED,40,EVENT,null,210,null,null,null,null,PERLNKAT,null,null,null,,BZD,FDSBRMNT,1,12,MONTHS,FALSE,TRUE,100000,100000,null,EMI,1,MONTHS,null,null,SIN,2,,FIXED,0,0,0,TRUE,GI,null,1,2019-04-05,2019-03-05,2019-04-05,8257.2,0,91742.8,166.7,0,0,0,0,0,8423.9,null,0,null,null,null,null,FALSE,null,2,2019-05-07,2019-04-05,2019-05-07,8260.8,0,83482,163.1,0,0,0,0,0,8423.9,null,0,null,null,null,null,FALSE,null,3,2019-06-05,2019-05-07,2019-06-05,8294,0,75188,129.9,0,0,0,0,0,8423.9,null,0,null,null,null,null,FALSE,FALSE,null,null,null,null,null,1,5,100,METHOD1,GROUP1,FALSE,PENAPR,PARDIS,100000
0ProductMap,100000,UI28381Test28,12,MONTHS,2019-03-01,ANIVRSRY,null,FLAT,DAYS_30,DAYS_360,HORZNTL,PENALTY|FEES|INTEREST|PRNCIPAL,ADJTEN,1,2019-03-05,100000,2019-03-05,UNUTIAMT,FIXED,20,EVENT,null,210,null,null,null,null,PERLNKAT,null,null,null,,BZD,FDSBRMNT,1,12,MONTHS,FALSE,TRUE,100000,100000,null,EMI,1,MONTHS,null,null,SIN,2,,FIXED,0,0,0,TRUE,GI,null,1,2019-04-05,2019-03-05,2019-04-05,8257.2,0,91742.8,166.7,0,0,0,0,0,8423.9,null,0,null,null,null,null,FALSE,null,2,2019-05-07,2019-04-05,2019-05-07,8260.8,0,83482,163.1,0,0,0,0,0,8423.9,null,0,null,null,null,null,FALSE,null,3,2019-06-05,2019-05-07,2019-06-05,8294,0,75188,129.9,0,0,0,0,0,8423.9,null,0,null,null,null,null,FALSE,FALSE,null,null,null,null,null,1,5,100,METHOD1,GROUP1,FALSE,PENAPR,PARDIS,100000
0ProductMap,100000,UI28381Test28,12,MONTHS,2019-03-01,ANIVRSRY,null,FLAT,DAYS_30,DAYS_360,HORZNTL,PENALTY|FEES|INTEREST|PRNCIPAL,ADJTEN,1,2019-03-05,100000,2019-03-05,null,FIXED,null,EVENT,null,210,null,null,null,null,MKWHETRM,null,null,MONTHS,6,BZD,FDSBRMNT,1,12,MONTHS,FALSE,TRUE,100000,100000,null,EMI,1,MONTHS,null,null,SIN,2,,FIXED,0,0,0,TRUE,GI,null,1,2019-04-05,2019-03-05,2019-04-05,8257.2,0,91742.8,166.7,0,0,0,0,0,8423.9,null,0,null,null,null,null,FALSE,null,2,2019-05-07,2019-04-05,2019-05-07,8260.8,0,83482,163.1,0,0,0,0,0,8423.9,null,0,null,null,null,null,FALSE,null,3,2019-06-05,2019-05-07,2019-06-05,8294,0,75188,129.9,0,0,0,0,0,8423.9,null,0,null,null,null,null,FALSE,FALSE,null,null,null,null,null,1,5,100,METHOD1,GROUP1,FALSE,PENAPR,PARDIS,100000
0ProductMap,100000,UI28381Test28,12,MONTHS,2019-03-01,ANIVRSRY,null,FLAT,DAYS_30,DAYS_360,HORZNTL,PENALTY|FEES|INTEREST|PRNCIPAL,ADJTEN,1,2019-03-05,100000,2019-03-05,null,FIXED,null,EVENT,10000,210,null,null,null,null,MKWHEAMT,null,null,null,null,BZD,FDSBRMNT,1,12,MONTHS,FALSE,TRUE,100000,100000,null,EMI,1,MONTHS,null,null,SIN,2,,FIXED,0,0,0,TRUE,GI,null,1,2019-04-05,2019-03-05,2019-04-05,8257.2,0,91742.8,166.7,0,0,0,0,0,8423.9,null,0,null,null,null,null,FALSE,null,2,2019-05-07,2019-04-05,2019-05-07,8260.8,0,83482,163.1,0,0,0,0,0,8423.9,null,0,null,null,null,null,FALSE,null,3,2019-06-05,2019-05-07,2019-06-05,8294,0,75188,129.9,0,0,0,0,0,8423.9,null,0,null,null,null,null,FALSE,FALSE,null,null,null,null,null,1,5,100,METHOD1,GROUP1,FALSE,PENAPR,PARDIS,100000
UIAddFeeLoan_05,100000,UI28381Test28,12,MONTHS,2019-03-01,ANIVRSRY,null,FLAT,DAYS_30,DAYS_360,HORZNTL,PENALTY|FEES|INTEREST|PRNCIPAL,ADJTEN,1,2019-03-05,100000,2019-03-05,null,FIXED,null,PERIODIC,null,211,2,MONTHS,IPD,null,FLAT,5000,null,null,null,BZD,null,1,12,MONTHS,FALSE,TRUE,100000,100000,null,EMI,1,MONTHS,null,null,SIN,2,,FIXED,0,0,0,TRUE,GI,null,1,2019-04-05,2019-03-05,2019-04-05,8257.2,0,91742.8,166.7,0,0,0,0,0,8423.9,null,0,null,null,null,null,FALSE,null,2,2019-05-07,2019-04-05,2019-05-07,8260.8,0,83482,163.1,0,0,0,0,0,8423.9,null,0,null,null,null,null,FALSE,null,3,2019-06-05,2019-05-07,2019-06-05,8294,0,75188,129.9,0,0,0,0,0,8423.9,null,0,null,null,null,null,FALSE,FALSE,null,null,null,null,null,1,5,100,METHOD1,GROUP1,FALSE,PENAPR,PARDIS,100000
UIAddFeeLoan_05,100000,UI28381Test28,12,MONTHS,2019-03-01,ANIVRSRY,null,FLAT,DAYS_30,DAYS_360,HORZNTL,PENALTY|FEES|INTEREST|PRNCIPAL,ADJTEN,1,2019-03-05,100000,2019-03-05,OSTDPCPL,FIXED,50,PERIODIC,null,211,2,MONTHS,IPD,null,PERLNKAT,null,null,null,,BZD,null,1,12,MONTHS,FALSE,TRUE,100000,100000,null,EMI,1,MONTHS,null,null,SIN,2,,FIXED,0,0,0,TRUE,GI,null,1,2019-04-05,2019-03-05,2019-04-05,8257.2,0,91742.8,166.7,0,0,0,0,0,8423.9,null,0,null,null,null,null,FALSE,null,2,2019-05-07,2019-04-05,2019-05-07,8260.8,0,83482,163.1,0,0,0,0,0,8423.9,null,0,null,null,null,null,FALSE,null,3,2019-06-05,2019-05-07,2019-06-05,8294,0,75188,129.9,0,0,0,0,0,8423.9,null,0,null,null,null,null,FALSE,FALSE,null,null,null,null,null,1,5,100,METHOD1,GROUP1,FALSE,PENAPR,PARDIS,100000
UIAddFeeLoan_05,100000,UI28381Test28,12,MONTHS,2019-03-01,ANIVRSRY,null,FLAT,DAYS_30,DAYS_360,HORZNTL,PENALTY|FEES|INTEREST|PRNCIPAL,ADJTEN,1,2019-03-05,100000,2019-03-05,PREPDAMT,FIXED,40,PERIODIC,null,211,2,MONTHS,IPD,null,PERLNKAT,null,null,null,,BZD,null,1,12,MONTHS,FALSE,TRUE,100000,100000,null,EMI,1,MONTHS,null,null,SIN,2,,FIXED,0,0,0,TRUE,GI,null,1,2019-04-05,2019-03-05,2019-04-05,8257.2,0,91742.8,166.7,0,0,0,0,0,8423.9,null,0,null,null,null,null,FALSE,null,2,2019-05-07,2019-04-05,2019-05-07,8260.8,0,83482,163.1,0,0,0,0,0,8423.9,null,0,null,null,null,null,FALSE,null,3,2019-06-05,2019-05-07,2019-06-05,8294,0,75188,129.9,0,0,0,0,0,8423.9,null,0,null,null,null,null,FALSE,FALSE,null,null,null,null,null,1,5,100,METHOD1,GROUP1,FALSE,PENAPR,PARDIS,100000
UIAddFeeLoan_05,100000,UI28381Test28,12,MONTHS,2019-03-01,ANIVRSRY,null,FLAT,DAYS_30,DAYS_360,HORZNTL,PENALTY|FEES|INTEREST|PRNCIPAL,ADJTEN,1,2019-03-05,100000,2019-03-05,DBBRSAMT,FIXED,40,PERIODIC,null,211,2,MONTHS,IPD,null,PERLNKAT,null,null,null,,BZD,null,1,12,MONTHS,FALSE,TRUE,100000,100000,null,EMI,1,MONTHS,null,null,SIN,2,,FIXED,0,0,0,TRUE,GI,null,1,2019-04-05,2019-03-05,2019-04-05,8257.2,0,91742.8,166.7,0,0,0,0,0,8423.9,null,0,null,null,null,null,FALSE,null,2,2019-05-07,2019-04-05,2019-05-07,8260.8,0,83482,163.1,0,0,0,0,0,8423.9,null,0,null,null,null,null,FALSE,null,3,2019-06-05,2019-05-07,2019-06-05,8294,0,75188,129.9,0,0,0,0,0,8423.9,null,0,null,null,null,null,FALSE,FALSE,null,null,null,null,null,1,5,100,METHOD1,GROUP1,FALSE,PENAPR,PARDIS,100000
UIAddFeeLoan_05,100000,UI28381Test28,12,MONTHS,2019-03-01,ANIVRSRY,null,FLAT,DAYS_30,DAYS_360,HORZNTL,PENALTY|FEES|INTEREST|PRNCIPAL,ADJTEN,1,2019-03-05,100000,2019-03-05,LOANAMNT,FIXED,40,PERIODIC,null,211,2,MONTHS,IPD,null,PERLNKAT,null,null,null,,BZD,null,1,12,MONTHS,FALSE,TRUE,100000,100000,null,EMI,1,MONTHS,null,null,SIN,2,,FIXED,0,0,0,TRUE,GI,null,1,2019-04-05,2019-03-05,2019-04-05,8257.2,0,91742.8,166.7,0,0,0,0,0,8423.9,null,0,null,null,null,null,FALSE,null,2,2019-05-07,2019-04-05,2019-05-07,8260.8,0,83482,163.1,0,0,0,0,0,8423.9,null,0,null,null,null,null,FALSE,null,3,2019-06-05,2019-05-07,2019-06-05,8294,0,75188,129.9,0,0,0,0,0,8423.9,null,0,null,null,null,null,FALSE,FALSE,null,null,null,null,null,1,5,100,METHOD1,GROUP1,FALSE,PENAPR,PARDIS,100000
UIAddFeeLoan_05,100000,UI28381Test28,12,MONTHS,2019-03-01,ANIVRSRY,null,FLAT,DAYS_30,DAYS_360,HORZNTL,PENALTY|FEES|INTEREST|PRNCIPAL,ADJTEN,1,2019-03-05,100000,2019-03-05,UNUTIAMT,FIXED,20,PERIODIC,null,211,2,MONTHS,IPD,null,PERLNKAT,null,null,null,,BZD,null,1,12,MONTHS,FALSE,TRUE,100000,100000,null,EMI,1,MONTHS,null,null,SIN,2,,FIXED,0,0,0,TRUE,GI,null,1,2019-04-05,2019-03-05,2019-04-05,8257.2,0,91742.8,166.7,0,0,0,0,0,8423.9,null,0,null,null,null,null,FALSE,null,2,2019-05-07,2019-04-05,2019-05-07,8260.8,0,83482,163.1,0,0,0,0,0,8423.9,null,0,null,null,null,null,FALSE,null,3,2019-06-05,2019-05-07,2019-06-05,8294,0,75188,129.9,0,0,0,0,0,8423.9,null,0,null,null,null,null,FALSE,FALSE,null,null,null,null,null,1,5,100,METHOD1,GROUP1,FALSE,PENAPR,PARDIS,100000
UIAddFeeLoan_05,100000,UI28381Test28,12,MONTHS,2019-03-01,ANIVRSRY,null,FLAT,DAYS_30,DAYS_360,HORZNTL,PENALTY|FEES|INTEREST|PRNCIPAL,ADJTEN,1,2019-03-05,100000,2019-03-05,DBBRSAMT,FIXED,20,PERIODIC,null,211,null,MONTHS,IPD,null,PERLNKAT,null,null,null,,BZD,null,1,12,MONTHS,FALSE,TRUE,100000,100000,null,EMI,1,MONTHS,null,null,SIN,2,,FIXED,0,0,0,TRUE,GI,null,1,2019-04-05,2019-03-05,2019-04-05,8257.2,0,91742.8,166.7,0,0,0,0,0,8423.9,null,0,null,null,null,null,FALSE,null,2,2019-05-07,2019-04-05,2019-05-07,8260.8,0,83482,163.1,0,0,0,0,0,8423.9,null,0,null,null,null,null,FALSE,null,3,2019-06-05,2019-05-07,2019-06-05,8294,0,75188,129.9,0,0,0,0,0,8423.9,null,0,null,null,null,null,FALSE,FALSE,null,null,null,null,null,1,5,100,METHOD1,GROUP1,FALSE,PENAPR,PARDIS,100000
UIAddFeeLoan_05,100000,UI28381Test28,12,MONTHS,2019-03-01,ANIVRSRY,null,FLAT,DAYS_30,DAYS_360,HORZNTL,PENALTY|FEES|INTEREST|PRNCIPAL,ADJTEN,1,2019-03-05,100000,2019-03-05,LOANAMNT,FIXED,20,PERIODIC,null,211,2,null,IPD,null,PERLNKAT,null,null,null,,BZD,null,1,12,MONTHS,FALSE,TRUE,100000,100000,null,EMI,1,MONTHS,null,null,SIN,2,,FIXED,0,0,0,TRUE,GI,null,1,2019-04-05,2019-03-05,2019-04-05,8257.2,0,91742.8,166.7,0,0,0,0,0,8423.9,null,0,null,null,null,null,FALSE,null,2,2019-05-07,2019-04-05,2019-05-07,8260.8,0,83482,163.1,0,0,0,0,0,8423.9,null,0,null,null,null,null,FALSE,null,3,2019-06-05,2019-05-07,2019-06-05,8294,0,75188,129.9,0,0,0,0,0,8423.9,null,0,null,null,null,null,FALSE,FALSE,null,null,null,null,null,1,5,100,METHOD1,GROUP1,FALSE,PENAPR,PARDIS,100000
UIAddFeeLoan_05,100000,UI28381Test28,12,MONTHS,2019-03-01,ANIVRSRY,null,FLAT,DAYS_30,DAYS_360,HORZNTL,PENALTY|FEES|INTEREST|PRNCIPAL,ADJTEN,1,2019-03-05,100000,2019-03-05,UNUTIAMT,FIXED,20,PERIODIC,null,211,2,MONTHS,null,null,PERLNKAT,null,null,null,,BZD,null,1,12,MONTHS,FALSE,TRUE,100000,100000,null,EMI,1,MONTHS,null,null,SIN,2,,FIXED,0,0,0,TRUE,GI,null,1,2019-04-05,2019-03-05,2019-04-05,8257.2,0,91742.8,166.7,0,0,0,0,0,8423.9,null,0,null,null,null,null,FALSE,null,2,2019-05-07,2019-04-05,2019-05-07,8260.8,0,83482,163.1,0,0,0,0,0,8423.9,null,0,null,null,null,null,FALSE,null,3,2019-06-05,2019-05-07,2019-06-05,8294,0,75188,129.9,0,0,0,0,0,8423.9,null,0,null,null,null,null,FALSE,FALSE,null,null,null,null,null,1,5,100,METHOD1,GROUP1,FALSE,PENAPR,PARDIS,100000
UIAddFeeLoan_05,100000,UI28381Test28,12,MONTHS,2019-03-01,ANIVRSRY,null,FLAT,DAYS_30,DAYS_360,HORZNTL,PENALTY|FEES|INTEREST|PRNCIPAL,ADJTEN,1,2019-03-05,100000,2019-03-05,UNUTIAMT,FIXED,20,PERIODIC,null,211,2,MONTHS,SPD,null,PERLNKAT,null,null,null,,BZD,null,1,12,MONTHS,FALSE,TRUE,100000,100000,null,EMI,1,MONTHS,null,null,SIN,2,,FIXED,0,0,0,TRUE,GI,null,1,2019-04-05,2019-03-05,2019-04-05,8257.2,0,91742.8,166.7,0,0,0,0,0,8423.9,null,0,null,null,null,null,FALSE,null,2,2019-05-07,2019-04-05,2019-05-07,8260.8,0,83482,163.1,0,0,0,0,0,8423.9,null,0,null,null,null,null,FALSE,null,3,2019-06-05,2019-05-07,2019-06-05,8294,0,75188,129.9,0,0,0,0,0,8423.9,null,0,null,null,null,null,FALSE,FALSE,null,null,null,null,null,1,5,100,METHOD1,GROUP1,FALSE,PENAPR,PARDIS,100000
UIAddFeeLoan_05,100000,UI28381Test28,12,MONTHS,2019-03-01,ANIVRSRY,null,FLAT,DAYS_30,DAYS_360,HORZNTL,PENALTY|FEES|INTEREST|PRNCIPAL,ADJTEN,1,2019-03-05,100000,2019-03-05,UNUTIAMT,null,20,PERIODIC,null,211,2,MONTHS,IPD,null,PERLNKAT,null,null,null,,BZD,null,1,12,MONTHS,FALSE,TRUE,100000,100000,null,EMI,1,MONTHS,null,null,SIN,2,,FIXED,0,0,0,TRUE,GI,null,1,2019-04-05,2019-03-05,2019-04-05,8257.2,0,91742.8,166.7,0,0,0,0,0,8423.9,null,0,null,null,null,null,FALSE,null,2,2019-05-07,2019-04-05,2019-05-07,8260.8,0,83482,163.1,0,0,0,0,0,8423.9,null,0,null,null,null,null,FALSE,null,3,2019-06-05,2019-05-07,2019-06-05,8294,0,75188,129.9,0,0,0,0,0,8423.9,null,0,null,null,null,null,FALSE,FALSE,null,null,null,null,null,1,5,100,METHOD1,GROUP1,FALSE,PENAPR,PARDIS,100000
UIAddFeeLoan_05,100000,UI28381Test28,12,MONTHS,2019-03-01,ANIVRSRY,null,FLAT,DAYS_30,DAYS_360,HORZNTL,PENALTY|FEES|INTEREST|PRNCIPAL,ADJTEN,1,2019-03-05,100000,2019-03-05,UNUTIAMT,FIXED,20,PERIODIC,null,211,2,MONTHS,IPD,null,null,null,null,null,,BZD,null,1,12,MONTHS,FALSE,TRUE,100000,100000,null,EMI,1,MONTHS,null,null,SIN,2,,FIXED,0,0,0,TRUE,GI,null,1,2019-04-05,2019-03-05,2019-04-05,8257.2,0,91742.8,166.7,0,0,0,0,0,8423.9,null,0,null,null,null,null,FALSE,null,2,2019-05-07,2019-04-05,2019-05-07,8260.8,0,83482,163.1,0,0,0,0,0,8423.9,null,0,null,null,null,null,FALSE,null,3,2019-06-05,2019-05-07,2019-06-05,8294,0,75188,129.9,0,0,0,0,0,8423.9,null,0,null,null,null,null,FALSE,FALSE,null,null,null,null,null,1,5,100,METHOD1,GROUP1,FALSE,PENAPR,PARDIS,100000
UIAddFeeLoan_05,100000,UI28381Test28,12,MONTHS,2019-03-01,ANIVRSRY,null,FLAT,DAYS_30,DAYS_360,HORZNTL,PENALTY|FEES|INTEREST|PRNCIPAL,ADJTEN,1,2019-03-05,100000,2019-03-05,null,FIXED,20,PERIODIC,null,211,2,MONTHS,IPD,null,PERLNKAT,null,null,null,,BZD,null,1,12,MONTHS,FALSE,TRUE,100000,100000,null,EMI,1,MONTHS,null,null,SIN,2,,FIXED,0,0,0,TRUE,GI,null,1,2019-04-05,2019-03-05,2019-04-05,8257.2,0,91742.8,166.7,0,0,0,0,0,8423.9,null,0,null,null,null,null,FALSE,null,2,2019-05-07,2019-04-05,2019-05-07,8260.8,0,83482,163.1,0,0,0,0,0,8423.9,null,0,null,null,null,null,FALSE,null,3,2019-06-05,2019-05-07,2019-06-05,8294,0,75188,129.9,0,0,0,0,0,8423.9,null,0,null,null,null,null,FALSE,FALSE,null,null,null,null,null,1,5,100,METHOD1,GROUP1,FALSE,PENAPR,PARDIS,100000
UIAddFeeLoan_05,100000,UI28381Test28,12,MONTHS,2019-03-01,ANIVRSRY,null,FLAT,DAYS_30,DAYS_360,HORZNTL,PENALTY|FEES|INTEREST|PRNCIPAL,ADJTEN,1,2019-03-05,100000,2019-03-05,LOANAMNT,FIXED,20,PERIODIC,null,211,2,MONTHS,IPD,null,PERLNKAT,4000,null,null,,BZD,null,1,12,MONTHS,FALSE,TRUE,100000,100000,null,EMI,1,MONTHS,null,null,SIN,2,,FIXED,0,0,0,TRUE,GI,null,1,2019-04-05,2019-03-05,2019-04-05,8257.2,0,91742.8,166.7,0,0,0,0,0,8423.9,null,0,null,null,null,null,FALSE,null,2,2019-05-07,2019-04-05,2019-05-07,8260.8,0,83482,163.1,0,0,0,0,0,8423.9,null,0,null,null,null,null,FALSE,null,3,2019-06-05,2019-05-07,2019-06-05,8294,0,75188,129.9,0,0,0,0,0,8423.9,null,0,null,null,null,null,FALSE,FALSE,null,null,null,null,null,1,5,100,METHOD1,GROUP1,FALSE,PENAPR,PARDIS,100000
UIAddFeeLoan_05,100000,UI28381Test28,12,MONTHS,2019-03-01,ANIVRSRY,null,FLAT,DAYS_30,DAYS_360,HORZNTL,PENALTY|FEES|INTEREST|PRNCIPAL,ADJTEN,1,2019-03-05,100000,2019-03-05,LOANAMNT,FIXED,null,PERIODIC,null,211,2,MONTHS,IPD,null,PERLNKAT,null,null,null,,BZD,null,1,12,MONTHS,FALSE,TRUE,100000,100000,null,EMI,1,MONTHS,null,null,SIN,2,,FIXED,0,0,0,TRUE,GI,null,1,2019-04-05,2019-03-05,2019-04-05,8257.2,0,91742.8,166.7,0,0,0,0,0,8423.9,null,0,null,null,null,null,FALSE,null,2,2019-05-07,2019-04-05,2019-05-07,8260.8,0,83482,163.1,0,0,0,0,0,8423.9,null,0,null,null,null,null,FALSE,null,3,2019-06-05,2019-05-07,2019-06-05,8294,0,75188,129.9,0,0,0,0,0,8423.9,null,0,null,null,null,null,FALSE,FALSE,null,null,null,null,null,1,5,100,METHOD1,GROUP1,FALSE,PENAPR,PARDIS,100000
UIAddFeeLoan_05,100000,UI28381Test28,12,MONTHS,2019-03-01,ANIVRSRY,null,FLAT,DAYS_30,DAYS_360,HORZNTL,PENALTY|FEES|INTEREST|PRNCIPAL,ADJTEN,1,2019-03-05,100000,2019-03-05,null,FIXED,null,PERIODIC,null,211,2,MONTHS,IPD,null,MKWHETRM,null,null,MONTHS,6,BZD,null,1,12,MONTHS,FALSE,TRUE,100000,100000,null,EMI,1,MONTHS,null,null,SIN,2,,FIXED,0,0,0,TRUE,GI,null,1,2019-04-05,2019-03-05,2019-04-05,8257.2,0,91742.8,166.7,0,0,0,0,0,8423.9,null,0,null,null,null,null,FALSE,null,2,2019-05-07,2019-04-05,2019-05-07,8260.8,0,83482,163.1,0,0,0,0,0,8423.9,null,0,null,null,null,null,FALSE,null,3,2019-06-05,2019-05-07,2019-06-05,8294,0,75188,129.9,0,0,0,0,0,8423.9,null,0,null,null,null,null,FALSE,FALSE,null,null,null,null,null,1,5,100,METHOD1,GROUP1,FALSE,PENAPR,PARDIS,100000
UIAddFeeLoan_05,100000,UI28381Test28,12,MONTHS,2019-03-01,ANIVRSRY,null,FLAT,DAYS_30,DAYS_360,HORZNTL,PENALTY|FEES|INTEREST|PRNCIPAL,ADJTEN,1,2019-03-05,100000,2019-03-05,null,FIXED,null,PERIODIC,10000,211,2,MONTHS,IPD,null,MKWHEAMT,null,null,null,null,BZD,null,1,12,MONTHS,FALSE,TRUE,100000,100000,null,EMI,1,MONTHS,null,null,SIN,2,,FIXED,0,0,0,TRUE,GI,null,1,2019-04-05,2019-03-05,2019-04-05,8257.2,0,91742.8,166.7,0,0,0,0,0,8423.9,null,0,null,null,null,null,FALSE,null,2,2019-05-07,2019-04-05,2019-05-07,8260.8,0,83482,163.1,0,0,0,0,0,8423.9,null,0,null,null,null,null,FALSE,null,3,2019-06-05,2019-05-07,2019-06-05,8294,0,75188,129.9,0,0,0,0,0,8423.9,null,0,null,null,null,null,FALSE,FALSE,null,null,null,null,null,1,5,100,METHOD1,GROUP1,FALSE,PENAPR,PARDIS,100000
UIAddFeeLoan_05,100000,UI28381Test28,12,MONTHS,2019-03-01,ANIVRSRY,null,FLAT,DAYS_30,DAYS_360,HORZNTL,PENALTY|FEES|INTEREST|PRNCIPAL,ADJTEN,1,2019-03-05,100000,2019-03-05,null,FIXED,null,PERIODIC,null,211,2,MONTHS,SPD,2018-11-10,FLAT,5000,null,null,null,BZD,null,1,12,MONTHS,FALSE,TRUE,100000,100000,null,EMI,1,MONTHS,null,null,SIN,2,,FIXED,0,0,0,TRUE,GI,null,1,2019-04-05,2019-03-05,2019-04-05,8257.2,0,91742.8,166.7,0,0,0,0,0,8423.9,null,0,null,null,null,null,FALSE,null,2,2019-05-07,2019-04-05,2019-05-07,8260.8,0,83482,163.1,0,0,0,0,0,8423.9,null,0,null,null,null,null,FALSE,null,3,2019-06-05,2019-05-07,2019-06-05,8294,0,75188,129.9,0,0,0,0,0,8423.9,null,0,null,null,null,null,FALSE,FALSE,null,null,null,null,null,1,5,100,METHOD1,GROUP1,FALSE,PENAPR,PARDIS,100000
UIAddFeeLoan_06,100000,UI28381Test28,12,MONTHS,2019-03-01,ANIVRSRY,null,FLAT,DAYS_30,DAYS_360,HORZNTL,PENALTY|FEES|INTEREST|PRNCIPAL,ADJTEN,1,2019-03-05,100000,2019-03-05,null,FIXED,null,PERIODIC,null,212,2,MONTHS,IPD,null,FLAT,5000,null,null,null,BZD,null,1,12,MONTHS,FALSE,TRUE,100000,100000,null,EMI,1,MONTHS,null,null,SIN,2,,FIXED,0,0,0,TRUE,GI,null,1,2019-04-05,2019-03-05,2019-04-05,8257.2,0,91742.8,166.7,0,0,0,0,0,8423.9,null,0,null,null,null,null,FALSE,null,2,2019-05-07,2019-04-05,2019-05-07,8260.8,0,83482,163.1,0,0,0,0,0,8423.9,null,0,null,null,null,null,FALSE,null,3,2019-06-05,2019-05-07,2019-06-05,8294,0,75188,129.9,0,0,0,0,0,8423.9,null,0,null,null,null,null,FALSE,FALSE,null,null,null,null,null,1,5,100,METHOD1,GROUP1,FALSE,PENAPR,PARDIS,100000
UIAddFeeLoan_06,100000,UI28381Test28,12,MONTHS,2019-03-01,ANIVRSRY,null,FLAT,DAYS_30,DAYS_360,HORZNTL,PENALTY|FEES|INTEREST|PRNCIPAL,ADJTEN,1,2019-03-05,100000,2019-03-05,OSTDPCPL,FIXED,50,PERIODIC,null,212,2,MONTHS,IPD,null,PERLNKAT,null,null,null,,BZD,null,1,12,MONTHS,FALSE,TRUE,100000,100000,null,EMI,1,MONTHS,null,null,SIN,2,,FIXED,0,0,0,TRUE,GI,null,1,2019-04-05,2019-03-05,2019-04-05,8257.2,0,91742.8,166.7,0,0,0,0,0,8423.9,null,0,null,null,null,null,FALSE,null,2,2019-05-07,2019-04-05,2019-05-07,8260.8,0,83482,163.1,0,0,0,0,0,8423.9,null,0,null,null,null,null,FALSE,null,3,2019-06-05,2019-05-07,2019-06-05,8294,0,75188,129.9,0,0,0,0,0,8423.9,null,0,null,null,null,null,FALSE,FALSE,null,null,null,null,null,1,5,100,METHOD1,GROUP1,FALSE,PENAPR,PARDIS,100000
UIAddFeeLoan_06,100000,UI28381Test28,12,MONTHS,2019-03-01,ANIVRSRY,null,FLAT,DAYS_30,DAYS_360,HORZNTL,PENALTY|FEES|INTEREST|PRNCIPAL,ADJTEN,1,2019-03-05,100000,2019-03-05,PREPDAMT,FIXED,40,PERIODIC,null,212,2,MONTHS,IPD,null,PERLNKAT,null,null,null,,BZD,null,1,12,MONTHS,FALSE,TRUE,100000,100000,null,EMI,1,MONTHS,null,null,SIN,2,,FIXED,0,0,0,TRUE,GI,null,1,2019-04-05,2019-03-05,2019-04-05,8257.2,0,91742.8,166.7,0,0,0,0,0,8423.9,null,0,null,null,null,null,FALSE,null,2,2019-05-07,2019-04-05,2019-05-07,8260.8,0,83482,163.1,0,0,0,0,0,8423.9,null,0,null,null,null,null,FALSE,null,3,2019-06-05,2019-05-07,2019-06-05,8294,0,75188,129.9,0,0,0,0,0,8423.9,null,0,null,null,null,null,FALSE,FALSE,null,null,null,null,null,1,5,100,METHOD1,GROUP1,FALSE,PENAPR,PARDIS,100000
UIAddFeeLoan_06,100000,UI28381Test28,12,MONTHS,2019-03-01,ANIVRSRY,null,FLAT,DAYS_30,DAYS_360,HORZNTL,PENALTY|FEES|INTEREST|PRNCIPAL,ADJTEN,1,2019-03-05,100000,2019-03-05,UNUTIAMT,FIXED,20,PERIODIC,null,212,2,MONTHS,IPD,null,PERLNKAT,null,null,null,,BZD,null,1,12,MONTHS,FALSE,TRUE,100000,100000,null,EMI,1,MONTHS,null,null,SIN,2,,FIXED,0,0,0,TRUE,GI,null,1,2019-04-05,2019-03-05,2019-04-05,8257.2,0,91742.8,166.7,0,0,0,0,0,8423.9,null,0,null,null,null,null,FALSE,null,2,2019-05-07,2019-04-05,2019-05-07,8260.8,0,83482,163.1,0,0,0,0,0,8423.9,null,0,null,null,null,null,FALSE,null,3,2019-06-05,2019-05-07,2019-06-05,8294,0,75188,129.9,0,0,0,0,0,8423.9,null,0,null,null,null,null,FALSE,FALSE,null,null,null,null,null,1,5,100,METHOD1,GROUP1,FALSE,PENAPR,PARDIS,100000
UIAddFeeLoan_06,100000,UI28381Test28,12,MONTHS,2019-03-01,ANIVRSRY,null,FLAT,DAYS_30,DAYS_360,HORZNTL,PENALTY|FEES|INTEREST|PRNCIPAL,ADJTEN,1,2019-03-05,100000,2019-03-05,null,FIXED,null,PERIODIC,null,212,2,MONTHS,IPD,null,MKWHETRM,null,null,MONTHS,6,BZD,null,1,12,MONTHS,FALSE,TRUE,100000,100000,null,EMI,1,MONTHS,null,null,SIN,2,,FIXED,0,0,0,TRUE,GI,null,1,2019-04-05,2019-03-05,2019-04-05,8257.2,0,91742.8,166.7,0,0,0,0,0,8423.9,null,0,null,null,null,null,FALSE,null,2,2019-05-07,2019-04-05,2019-05-07,8260.8,0,83482,163.1,0,0,0,0,0,8423.9,null,0,null,null,null,null,FALSE,null,3,2019-06-05,2019-05-07,2019-06-05,8294,0,75188,129.9,0,0,0,0,0,8423.9,null,0,null,null,null,null,FALSE,FALSE,null,null,null,null,null,1,5,100,METHOD1,GROUP1,FALSE,PENAPR,PARDIS,100000
UIAddFeeLoan_06,100000,UI28381Test28,12,MONTHS,2019-03-01,ANIVRSRY,null,FLAT,DAYS_30,DAYS_360,HORZNTL,PENALTY|FEES|INTEREST|PRNCIPAL,ADJTEN,1,2019-03-05,100000,2019-03-05,null,FIXED,null,PERIODIC,10000,212,2,MONTHS,IPD,null,MKWHEAMT,null,null,null,null,BZD,null,1,12,MONTHS,FALSE,TRUE,100000,100000,null,EMI,1,MONTHS,null,null,SIN,2,,FIXED,0,0,0,TRUE,GI,null,1,2019-04-05,2019-03-05,2019-04-05,8257.2,0,91742.8,166.7,0,0,0,0,0,8423.9,null,0,null,null,null,null,FALSE,null,2,2019-05-07,2019-04-05,2019-05-07,8260.8,0,83482,163.1,0,0,0,0,0,8423.9,null,0,null,null,null,null,FALSE,null,3,2019-06-05,2019-05-07,2019-06-05,8294,0,75188,129.9,0,0,0,0,0,8423.9,null,0,null,null,null,null,FALSE,FALSE,null,null,null,null,null,1,5,100,METHOD1,GROUP1,FALSE,PENAPR,PARDIS,100000
UIAddFeeLoan_06,100000,UI28381Test28,12,MONTHS,2019-03-01,ANIVRSRY,null,FLAT,DAYS_30,DAYS_360,HORZNTL,PENALTY|FEES|INTEREST|PRNCIPAL,ADJTEN,1,2019-03-05,100000,2019-03-05,null,FIXED,null,PERIODIC,null,212,2,MONTHS,SPD,2018-11-10,FLAT,5000,null,null,null,BZD,null,1,12,MONTHS,FALSE,TRUE,100000,100000,null,EMI,1,MONTHS,null,null,SIN,2,,FIXED,0,0,0,TRUE,GI,null,1,2019-04-05,2019-03-05,2019-04-05,8257.2,0,91742.8,166.7,0,0,0,0,0,8423.9,null,0,null,null,null,null,FALSE,null,2,2019-05-07,2019-04-05,2019-05-07,8260.8,0,83482,163.1,0,0,0,0,0,8423.9,null,0,null,null,null,null,FALSE,null,3,2019-06-05,2019-05-07,2019-06-05,8294,0,75188,129.9,0,0,0,0,0,8423.9,null,0,null,null,null,null,FALSE,FALSE,null,null,null,null,null,1,5,100,METHOD1,GROUP1,FALSE,PENAPR,PARDIS,100000
UIAddFeeLoan_07,100000,UI28381Test28,12,MONTHS,2019-03-01,ANIVRSRY,null,FLAT,DAYS_30,DAYS_360,HORZNTL,PENALTY|FEES|INTEREST|PRNCIPAL,ADJTEN,1,2019-03-05,100000,2019-03-05,null,FIXED,null,PERIODIC,null,213,2,MONTHS,IPD,null,FLAT,5000,null,null,null,BZD,null,1,12,MONTHS,FALSE,TRUE,100000,100000,null,EMI,1,MONTHS,null,null,SIN,2,,FIXED,0,0,0,TRUE,GI,null,1,2019-04-05,2019-03-05,2019-04-05,8257.2,0,91742.8,166.7,0,0,0,0,0,8423.9,null,0,null,null,null,null,FALSE,null,2,2019-05-07,2019-04-05,2019-05-07,8260.8,0,83482,163.1,0,0,0,0,0,8423.9,null,0,null,null,null,null,FALSE,null,3,2019-06-05,2019-05-07,2019-06-05,8294,0,75188,129.9,0,0,0,0,0,8423.9,null,0,null,null,null,null,FALSE,FALSE,null,null,null,null,null,1,5,100,METHOD1,GROUP1,FALSE,PENAPR,PARDIS,100000
UIAddFeeLoan_07,100000,UI28381Test28,12,MONTHS,2019-03-01,ANIVRSRY,null,FLAT,DAYS_30,DAYS_360,HORZNTL,PENALTY|FEES|INTEREST|PRNCIPAL,ADJTEN,1,2019-03-05,100000,2019-03-05,OSTDPCPL,FIXED,50,PERIODIC,null,213,2,MONTHS,IPD,null,PERLNKAT,null,null,null,,BZD,null,1,12,MONTHS,FALSE,TRUE,100000,100000,null,EMI,1,MONTHS,null,null,SIN,2,,FIXED,0,0,0,TRUE,GI,null,1,2019-04-05,2019-03-05,2019-04-05,8257.2,0,91742.8,166.7,0,0,0,0,0,8423.9,null,0,null,null,null,null,FALSE,null,2,2019-05-07,2019-04-05,2019-05-07,8260.8,0,83482,163.1,0,0,0,0,0,8423.9,null,0,null,null,null,null,FALSE,null,3,2019-06-05,2019-05-07,2019-06-05,8294,0,75188,129.9,0,0,0,0,0,8423.9,null,0,null,null,null,null,FALSE,FALSE,null,null,null,null,null,1,5,100,METHOD1,GROUP1,FALSE,PENAPR,PARDIS,100000
UIAddFeeLoan_07,100000,UI28381Test28,12,MONTHS,2019-03-01,ANIVRSRY,null,FLAT,DAYS_30,DAYS_360,HORZNTL,PENALTY|FEES|INTEREST|PRNCIPAL,ADJTEN,1,2019-03-05,100000,2019-03-05,PREPDAMT,FIXED,40,PERIODIC,null,213,2,MONTHS,IPD,null,PERLNKAT,null,null,null,,BZD,null,1,12,MONTHS,FALSE,TRUE,100000,100000,null,EMI,1,MONTHS,null,null,SIN,2,,FIXED,0,0,0,TRUE,GI,null,1,2019-04-05,2019-03-05,2019-04-05,8257.2,0,91742.8,166.7,0,0,0,0,0,8423.9,null,0,null,null,null,null,FALSE,null,2,2019-05-07,2019-04-05,2019-05-07,8260.8,0,83482,163.1,0,0,0,0,0,8423.9,null,0,null,null,null,null,FALSE,null,3,2019-06-05,2019-05-07,2019-06-05,8294,0,75188,129.9,0,0,0,0,0,8423.9,null,0,null,null,null,null,FALSE,FALSE,null,null,null,null,null,1,5,100,METHOD1,GROUP1,FALSE,PENAPR,PARDIS,100000
UIAddFeeLoan_07,100000,UI28381Test28,12,MONTHS,2019-03-01,ANIVRSRY,null,FLAT,DAYS_30,DAYS_360,HORZNTL,PENALTY|FEES|INTEREST|PRNCIPAL,ADJTEN,1,2019-03-05,100000,2019-03-05,UNUTIAMT,FIXED,20,PERIODIC,null,213,2,MONTHS,IPD,null,PERLNKAT,null,null,null,,BZD,null,1,12,MONTHS,FALSE,TRUE,100000,100000,null,EMI,1,MONTHS,null,null,SIN,2,,FIXED,0,0,0,TRUE,GI,null,1,2019-04-05,2019-03-05,2019-04-05,8257.2,0,91742.8,166.7,0,0,0,0,0,8423.9,null,0,null,null,null,null,FALSE,null,2,2019-05-07,2019-04-05,2019-05-07,8260.8,0,83482,163.1,0,0,0,0,0,8423.9,null,0,null,null,null,null,FALSE,null,3,2019-06-05,2019-05-07,2019-06-05,8294,0,75188,129.9,0,0,0,0,0,8423.9,null,0,null,null,null,null,FALSE,FALSE,null,null,null,null,null,1,5,100,METHOD1,GROUP1,FALSE,PENAPR,PARDIS,100000
UIAddFeeLoan_07,100000,UI28381Test28,12,MONTHS,2019-03-01,ANIVRSRY,null,FLAT,DAYS_30,DAYS_360,HORZNTL,PENALTY|FEES|INTEREST|PRNCIPAL,ADJTEN,1,2019-03-05,100000,2019-03-05,null,FIXED,null,PERIODIC,null,213,2,MONTHS,IPD,null,MKWHETRM,null,null,MONTHS,6,BZD,null,1,12,MONTHS,FALSE,TRUE,100000,100000,null,EMI,1,MONTHS,null,null,SIN,2,,FIXED,0,0,0,TRUE,GI,null,1,2019-04-05,2019-03-05,2019-04-05,8257.2,0,91742.8,166.7,0,0,0,0,0,8423.9,null,0,null,null,null,null,FALSE,null,2,2019-05-07,2019-04-05,2019-05-07,8260.8,0,83482,163.1,0,0,0,0,0,8423.9,null,0,null,null,null,null,FALSE,null,3,2019-06-05,2019-05-07,2019-06-05,8294,0,75188,129.9,0,0,0,0,0,8423.9,null,0,null,null,null,null,FALSE,FALSE,null,null,null,null,null,1,5,100,METHOD1,GROUP1,FALSE,PENAPR,PARDIS,100000
UIAddFeeLoan_07,100000,UI28381Test28,12,MONTHS,2019-03-01,ANIVRSRY,null,FLAT,DAYS_30,DAYS_360,HORZNTL,PENALTY|FEES|INTEREST|PRNCIPAL,ADJTEN,1,2019-03-05,100000,2019-03-05,null,FIXED,null,PERIODIC,10000,213,2,MONTHS,IPD,null,MKWHEAMT,null,null,null,null,BZD,null,1,12,MONTHS,FALSE,TRUE,100000,100000,null,EMI,1,MONTHS,null,null,SIN,2,,FIXED,0,0,0,TRUE,GI,null,1,2019-04-05,2019-03-05,2019-04-05,8257.2,0,91742.8,166.7,0,0,0,0,0,8423.9,null,0,null,null,null,null,FALSE,null,2,2019-05-07,2019-04-05,2019-05-07,8260.8,0,83482,163.1,0,0,0,0,0,8423.9,null,0,null,null,null,null,FALSE,null,3,2019-06-05,2019-05-07,2019-06-05,8294,0,75188,129.9,0,0,0,0,0,8423.9,null,0,null,null,null,null,FALSE,FALSE,null,null,null,null,null,1,5,100,METHOD1,GROUP1,FALSE,PENAPR,PARDIS,100000
UIAddFeeLoan_07,100000,UI28381Test28,12,MONTHS,2019-03-01,ANIVRSRY,null,FLAT,DAYS_30,DAYS_360,HORZNTL,PENALTY|FEES|INTEREST|PRNCIPAL,ADJTEN,1,2019-03-05,100000,2019-03-05,null,FIXED,null,PERIODIC,null,213,2,MONTHS,SPD,2018-11-10,FLAT,5000,null,null,null,BZD,null,1,12,MONTHS,FALSE,TRUE,100000,100000,null,EMI,1,MONTHS,null,null,SIN,2,,FIXED,0,0,0,TRUE,GI,null,1,2019-04-05,2019-03-05,2019-04-05,8257.2,0,91742.8,166.7,0,0,0,0,0,8423.9,null,0,null,null,null,null,FALSE,null,2,2019-05-07,2019-04-05,2019-05-07,8260.8,0,83482,163.1,0,0,0,0,0,8423.9,null,0,null,null,null,null,FALSE,null,3,2019-06-05,2019-05-07,2019-06-05,8294,0,75188,129.9,0,0,0,0,0,8423.9,null,0,null,null,null,null,FALSE,FALSE,null,null,null,null,null,1,5,100,METHOD1,GROUP1,FALSE,PENAPR,PARDIS,100000
0ProductMap,100000,UI28381Test28,12,MONTHS,2019-03-01,ANIVRSRY,null,FLAT,DAYS_30,DAYS_360,HORZNTL,PENALTY|FEES|INTEREST|PRNCIPAL,ADJTEN,1,2019-03-05,100000,2019-03-05,null,FIXED,null,PERIODIC,null,214,2,MONTHS,IPD,null,FLAT,5000,null,null,null,BZD,null,1,12,MONTHS,FALSE,TRUE,100000,100000,null,EMI,1,MONTHS,null,null,SIN,2,,FIXED,0,0,0,TRUE,GI,null,1,2019-04-05,2019-03-05,2019-04-05,8257.2,0,91742.8,166.7,0,0,0,0,0,8423.9,null,0,null,null,null,null,FALSE,null,2,2019-05-07,2019-04-05,2019-05-07,8260.8,0,83482,163.1,0,0,0,0,0,8423.9,null,0,null,null,null,null,FALSE,null,3,2019-06-05,2019-05-07,2019-06-05,8294,0,75188,129.9,0,0,0,0,0,8423.9,null,0,null,null,null,null,FALSE,FALSE,null,null,null,null,null,1,5,100,METHOD1,GROUP1,FALSE,PENAPR,PARDIS,100000
0ProductMap,100000,UI28381Test28,12,MONTHS,2019-03-01,ANIVRSRY,null,FLAT,DAYS_30,DAYS_360,HORZNTL,PENALTY|FEES|INTEREST|PRNCIPAL,ADJTEN,1,2019-03-05,100000,2019-03-05,OSTDPCPL,FIXED,50,PERIODIC,null,214,2,MONTHS,IPD,null,PERLNKAT,null,null,null,,BZD,null,1,12,MONTHS,FALSE,TRUE,100000,100000,null,EMI,1,MONTHS,null,null,SIN,2,,FIXED,0,0,0,TRUE,GI,null,1,2019-04-05,2019-03-05,2019-04-05,8257.2,0,91742.8,166.7,0,0,0,0,0,8423.9,null,0,null,null,null,null,FALSE,null,2,2019-05-07,2019-04-05,2019-05-07,8260.8,0,83482,163.1,0,0,0,0,0,8423.9,null,0,null,null,null,null,FALSE,null,3,2019-06-05,2019-05-07,2019-06-05,8294,0,75188,129.9,0,0,0,0,0,8423.9,null,0,null,null,null,null,FALSE,FALSE,null,null,null,null,null,1,5,100,METHOD1,GROUP1,FALSE,PENAPR,PARDIS,100000
0ProductMap,100000,UI28381Test28,12,MONTHS,2019-03-01,ANIVRSRY,null,FLAT,DAYS_30,DAYS_360,HORZNTL,PENALTY|FEES|INTEREST|PRNCIPAL,ADJTEN,1,2019-03-05,100000,2019-03-05,PREPDAMT,FIXED,40,PERIODIC,null,214,2,MONTHS,IPD,null,PERLNKAT,null,null,null,,BZD,null,1,12,MONTHS,FALSE,TRUE,100000,100000,null,EMI,1,MONTHS,null,null,SIN,2,,FIXED,0,0,0,TRUE,GI,null,1,2019-04-05,2019-03-05,2019-04-05,8257.2,0,91742.8,166.7,0,0,0,0,0,8423.9,null,0,null,null,null,null,FALSE,null,2,2019-05-07,2019-04-05,2019-05-07,8260.8,0,83482,163.1,0,0,0,0,0,8423.9,null,0,null,null,null,null,FALSE,null,3,2019-06-05,2019-05-07,2019-06-05,8294,0,75188,129.9,0,0,0,0,0,8423.9,null,0,null,null,null,null,FALSE,FALSE,null,null,null,null,null,1,5,100,METHOD1,GROUP1,FALSE,PENAPR,PARDIS,100000
0ProductMap,100000,UI28381Test28,12,MONTHS,2019-03-01,ANIVRSRY,null,FLAT,DAYS_30,DAYS_360,HORZNTL,PENALTY|FEES|INTEREST|PRNCIPAL,ADJTEN,1,2019-03-05,100000,2019-03-05,UNUTIAMT,FIXED,20,PERIODIC,null,214,2,MONTHS,IPD,null,PERLNKAT,null,null,null,,BZD,null,1,12,MONTHS,FALSE,TRUE,100000,100000,null,EMI,1,MONTHS,null,null,SIN,2,,FIXED,0,0,0,TRUE,GI,null,1,2019-04-05,2019-03-05,2019-04-05,8257.2,0,91742.8,166.7,0,0,0,0,0,8423.9,null,0,null,null,null,null,FALSE,null,2,2019-05-07,2019-04-05,2019-05-07,8260.8,0,83482,163.1,0,0,0,0,0,8423.9,null,0,null,null,null,null,FALSE,null,3,2019-06-05,2019-05-07,2019-06-05,8294,0,75188,129.9,0,0,0,0,0,8423.9,null,0,null,null,null,null,FALSE,FALSE,null,null,null,null,null,1,5,100,METHOD1,GROUP1,FALSE,PENAPR,PARDIS,100000
0ProductMap,100000,UI28381Test28,12,MONTHS,2019-03-01,ANIVRSRY,null,FLAT,DAYS_30,DAYS_360,HORZNTL,PENALTY|FEES|INTEREST|PRNCIPAL,ADJTEN,1,2019-03-05,100000,2019-03-05,null,FIXED,null,PERIODIC,null,214,2,MONTHS,IPD,null,MKWHETRM,null,null,MONTHS,6,BZD,null,1,12,MONTHS,FALSE,TRUE,100000,100000,null,EMI,1,MONTHS,null,null,SIN,2,,FIXED,0,0,0,TRUE,GI,null,1,2019-04-05,2019-03-05,2019-04-05,8257.2,0,91742.8,166.7,0,0,0,0,0,8423.9,null,0,null,null,null,null,FALSE,null,2,2019-05-07,2019-04-05,2019-05-07,8260.8,0,83482,163.1,0,0,0,0,0,8423.9,null,0,null,null,null,null,FALSE,null,3,2019-06-05,2019-05-07,2019-06-05,8294,0,75188,129.9,0,0,0,0,0,8423.9,null,0,null,null,null,null,FALSE,FALSE,null,null,null,null,null,1,5,100,METHOD1,GROUP1,FALSE,PENAPR,PARDIS,100000
0ProductMap,100000,UI28381Test28,12,MONTHS,2019-03-01,ANIVRSRY,null,FLAT,DAYS_30,DAYS_360,HORZNTL,PENALTY|FEES|INTEREST|PRNCIPAL,ADJTEN,1,2019-03-05,100000,2019-03-05,null,FIXED,null,PERIODIC,10000,214,2,MONTHS,IPD,null,MKWHEAMT,null,null,null,null,BZD,null,1,12,MONTHS,FALSE,TRUE,100000,100000,null,EMI,1,MONTHS,null,null,SIN,2,,FIXED,0,0,0,TRUE,GI,null,1,2019-04-05,2019-03-05,2019-04-05,8257.2,0,91742.8,166.7,0,0,0,0,0,8423.9,null,0,null,null,null,null,FALSE,null,2,2019-05-07,2019-04-05,2019-05-07,8260.8,0,83482,163.1,0,0,0,0,0,8423.9,null,0,null,null,null,null,FALSE,null,3,2019-06-05,2019-05-07,2019-06-05,8294,0,75188,129.9,0,0,0,0,0,8423.9,null,0,null,null,null,null,FALSE,FALSE,null,null,null,null,null,1,5,100,METHOD1,GROUP1,FALSE,PENAPR,PARDIS,100000
0ProductMap,100000,UI28381Test28,12,MONTHS,2019-03-01,ANIVRSRY,null,FLAT,DAYS_30,DAYS_360,HORZNTL,PENALTY|FEES|INTEREST|PRNCIPAL,ADJTEN,1,2019-03-05,100000,2019-03-05,null,FIXED,null,PERIODIC,null,214,2,MONTHS,SPD,2018-11-10,FLAT,null,null,null,null,BZD,null,1,12,MONTHS,FALSE,TRUE,100000,100000,null,EMI,1,MONTHS,null,null,SIN,2,,FIXED,0,0,0,TRUE,GI,null,1,2019-04-05,2019-03-05,2019-04-05,8257.2,0,91742.8,166.7,0,0,0,0,0,8423.9,null,0,null,null,null,null,FALSE,null,2,2019-05-07,2019-04-05,2019-05-07,8260.8,0,83482,163.1,0,0,0,0,0,8423.9,null,0,null,null,null,null,FALSE,null,3,2019-06-05,2019-05-07,2019-06-05,8294,0,75188,129.9,0,0,0,0,0,8423.9,null,0,null,null,null,null,FALSE,FALSE,null,null,null,null,null,1,5,100,METHOD1,GROUP1,FALSE,PENAPR,PARDIS,100000
UIAddFeeLoan_09,100000,UI28381Test28,12,MONTHS,2019-03-01,ANIVRSRY,null,FLAT,DAYS_30,DAYS_360,HORZNTL,PENALTY|FEES|INTEREST|PRNCIPAL,ADJTEN,1,2019-03-05,100000,2019-03-05,null,FIXED,null,ADHOC,null,215,null,null,null,null,FLAT,500,2017-01-02,null,null,BZD,null,1,12,MONTHS,FALSE,TRUE,100000,100000,null,EMI,1,MONTHS,null,null,SIN,2,,FIXED,0,0,0,TRUE,GI,null,1,2019-04-05,2019-03-05,2019-04-05,8257.2,0,91742.8,166.7,0,0,0,0,0,8423.9,null,0,null,null,null,null,FALSE,null,2,2019-05-07,2019-04-05,2019-05-07,8260.8,0,83482,163.1,0,0,0,0,0,8423.9,null,0,null,null,null,null,FALSE,null,3,2019-06-05,2019-05-07,2019-06-05,8294,0,75188,129.9,0,0,0,0,0,8423.9,null,0,null,null,null,null,FALSE,FALSE,null,null,null,null,null,1,5,100,METHOD1,GROUP1,FALSE,PENAPR,PARDIS,100000
UIAddFeeLoan_09,100000,UI28381Test28,12,MONTHS,2019-03-01,ANIVRSRY,null,FLAT,DAYS_30,DAYS_360,HORZNTL,PENALTY|FEES|INTEREST|PRNCIPAL,ADJTEN,1,2019-03-05,100000,2019-03-05,null,FIXED,null,ADHOC,null,215,null,null,null,null,FLAT,null,2017-01-02,null,null,BZD,null,1,12,MONTHS,FALSE,TRUE,100000,100000,null,EMI,1,MONTHS,null,null,SIN,2,,FIXED,0,0,0,TRUE,GI,null,1,2019-04-05,2019-03-05,2019-04-05,8257.2,0,91742.8,166.7,0,0,0,0,0,8423.9,null,0,null,null,null,null,FALSE,null,2,2019-05-07,2019-04-05,2019-05-07,8260.8,0,83482,163.1,0,0,0,0,0,8423.9,null,0,null,null,null,null,FALSE,null,3,2019-06-05,2019-05-07,2019-06-05,8294,0,75188,129.9,0,0,0,0,0,8423.9,null,0,null,null,null,null,FALSE,FALSE,null,null,null,null,null,1,5,100,METHOD1,GROUP1,FALSE,PENAPR,PARDIS,100000
UIAddFeeLoan_09,100000,UI28381Test28,12,MONTHS,2019-03-01,ANIVRSRY,null,FLAT,DAYS_30,DAYS_360,HORZNTL,PENALTY|FEES|INTEREST|PRNCIPAL,ADJTEN,1,2019-03-05,100000,2019-03-05,null,FIXED,null,ADHOC,null,215,null,null,null,null,FLAT,500,null,null,null,BZD,null,1,12,MONTHS,FALSE,TRUE,100000,100000,null,EMI,1,MONTHS,null,null,SIN,2,,FIXED,0,0,0,TRUE,GI,null,1,2019-04-05,2019-03-05,2019-04-05,8257.2,0,91742.8,166.7,0,0,0,0,0,8423.9,null,0,null,null,null,null,FALSE,null,2,2019-05-07,2019-04-05,2019-05-07,8260.8,0,83482,163.1,0,0,0,0,0,8423.9,null,0,null,null,null,null,FALSE,null,3,2019-06-05,2019-05-07,2019-06-05,8294,0,75188,129.9,0,0,0,0,0,8423.9,null,0,null,null,null,null,FALSE,FALSE,null,null,null,null,null,1,5,100,METHOD1,GROUP1,FALSE,PENAPR,PARDIS,100000
UIAddFeeLoan_09,100000,UI28381Test28,12,MONTHS,2019-03-01,ANIVRSRY,null,FLAT,DAYS_30,DAYS_360,HORZNTL,PENALTY|FEES|INTEREST|PRNCIPAL,ADJTEN,1,2019-03-05,100000,2019-03-05,OSTDPCPL,FIXED,50,ADHOC,null,215,null,null,null,null,PERLNKAT,null,2017-01-02,null,,BZD,null,1,12,MONTHS,FALSE,TRUE,100000,100000,null,EMI,1,MONTHS,null,null,SIN,2,,FIXED,0,0,0,TRUE,GI,null,1,2019-04-05,2019-03-05,2019-04-05,8257.2,0,91742.8,166.7,0,0,0,0,0,8423.9,null,0,null,null,null,null,FALSE,null,2,2019-05-07,2019-04-05,2019-05-07,8260.8,0,83482,163.1,0,0,0,0,0,8423.9,null,0,null,null,null,null,FALSE,null,3,2019-06-05,2019-05-07,2019-06-05,8294,0,75188,129.9,0,0,0,0,0,8423.9,null,0,null,null,null,null,FALSE,FALSE,null,null,null,null,null,1,5,100,METHOD1,GROUP1,FALSE,PENAPR,PARDIS,100000
UIAddFeeLoan_09,100000,UI28381Test28,12,MONTHS,2019-03-01,ANIVRSRY,null,FLAT,DAYS_30,DAYS_360,HORZNTL,PENALTY|FEES|INTEREST|PRNCIPAL,ADJTEN,1,2019-03-05,100000,2019-03-05,PREPDAMT,FIXED,40,ADHOC,null,215,null,null,null,null,PERLNKAT,null,2017-01-02,null,,BZD,null,1,12,MONTHS,FALSE,TRUE,100000,100000,null,EMI,1,MONTHS,null,null,SIN,2,,FIXED,0,0,0,TRUE,GI,null,1,2019-04-05,2019-03-05,2019-04-05,8257.2,0,91742.8,166.7,0,0,0,0,0,8423.9,null,0,null,null,null,null,FALSE,null,2,2019-05-07,2019-04-05,2019-05-07,8260.8,0,83482,163.1,0,0,0,0,0,8423.9,null,0,null,null,null,null,FALSE,null,3,2019-06-05,2019-05-07,2019-06-05,8294,0,75188,129.9,0,0,0,0,0,8423.9,null,0,null,null,null,null,FALSE,FALSE,null,null,null,null,null,1,5,100,METHOD1,GROUP1,FALSE,PENAPR,PARDIS,100000
UIAddFeeLoan_09,100000,UI28381Test28,12,MONTHS,2019-03-01,ANIVRSRY,null,FLAT,DAYS_30,DAYS_360,HORZNTL,PENALTY|FEES|INTEREST|PRNCIPAL,ADJTEN,1,2019-03-05,100000,2019-03-05,UNUTIAMT,FIXED,20,ADHOC,null,215,null,null,null,null,PERLNKAT,null,2017-01-02,null,,BZD,null,1,12,MONTHS,FALSE,TRUE,100000,100000,null,EMI,1,MONTHS,null,null,SIN,2,,FIXED,0,0,0,TRUE,GI,null,1,2019-04-05,2019-03-05,2019-04-05,8257.2,0,91742.8,166.7,0,0,0,0,0,8423.9,null,0,null,null,null,null,FALSE,null,2,2019-05-07,2019-04-05,2019-05-07,8260.8,0,83482,163.1,0,0,0,0,0,8423.9,null,0,null,null,null,null,FALSE,null,3,2019-06-05,2019-05-07,2019-06-05,8294,0,75188,129.9,0,0,0,0,0,8423.9,null,0,null,null,null,null,FALSE,FALSE,null,null,null,null,null,1,5,100,METHOD1,GROUP1,FALSE,PENAPR,PARDIS,100000
UIAddFeeLoan_09,100000,UI28381Test28,12,MONTHS,2019-03-01,ANIVRSRY,null,FLAT,DAYS_30,DAYS_360,HORZNTL,PENALTY|FEES|INTEREST|PRNCIPAL,ADJTEN,1,2019-03-05,100000,2019-03-05,null,FIXED,null,ADHOC,null,215,null,null,null,null,MKWHETRM,null,2017-01-02,MONTHS,6,BZD,null,1,12,MONTHS,FALSE,TRUE,100000,100000,null,EMI,1,MONTHS,null,null,SIN,2,,FIXED,0,0,0,TRUE,GI,null,1,2019-04-05,2019-03-05,2019-04-05,8257.2,0,91742.8,166.7,0,0,0,0,0,8423.9,null,0,null,null,null,null,FALSE,null,2,2019-05-07,2019-04-05,2019-05-07,8260.8,0,83482,163.1,0,0,0,0,0,8423.9,null,0,null,null,null,null,FALSE,null,3,2019-06-05,2019-05-07,2019-06-05,8294,0,75188,129.9,0,0,0,0,0,8423.9,null,0,null,null,null,null,FALSE,FALSE,null,null,null,null,null,1,5,100,METHOD1,GROUP1,FALSE,PENAPR,PARDIS,100000
UIAddFeeLoan_09,100000,UI28381Test28,12,MONTHS,2019-03-01,ANIVRSRY,null,FLAT,DAYS_30,DAYS_360,HORZNTL,PENALTY|FEES|INTEREST|PRNCIPAL,ADJTEN,1,2019-03-05,100000,2019-03-05,null,FIXED,null,ADHOC,10000,215,null,null,null,null,MKWHEAMT,null,2017-01-02,null,null,BZD,null,1,12,MONTHS,FALSE,TRUE,100000,100000,null,EMI,1,MONTHS,null,null,SIN,2,,FIXED,0,0,0,TRUE,GI,null,1,2019-04-05,2019-03-05,2019-04-05,8257.2,0,91742.8,166.7,0,0,0,0,0,8423.9,null,0,null,null,null,null,FALSE,null,2,2019-05-07,2019-04-05,2019-05-07,8260.8,0,83482,163.1,0,0,0,0,0,8423.9,null,0,null,null,null,null,FALSE,null,3,2019-06-05,2019-05-07,2019-06-05,8294,0,75188,129.9,0,0,0,0,0,8423.9,null,0,null,null,null,null,FALSE,FALSE,null,null,null,null,null,1,5,100,METHOD1,GROUP1,FALSE,PENAPR,PARDIS,100000
UIAddFeeLoan_10,100000,UI28381Test28,12,MONTHS,2019-03-01,ANIVRSRY,null,FLAT,DAYS_30,DAYS_360,HORZNTL,PENALTY|FEES|INTEREST|PRNCIPAL,ADJTEN,1,2019-03-05,100000,2019-03-05,null,FIXED,null,ADHOC,null,216,null,null,null,null,FLAT,500,2017-01-02,null,null,BZD,null,1,12,MONTHS,FALSE,TRUE,100000,100000,null,EMI,1,MONTHS,null,null,SIN,2,,FIXED,0,0,0,TRUE,GI,null,1,2019-04-05,2019-03-05,2019-04-05,8257.2,0,91742.8,166.7,0,0,0,0,0,8423.9,null,0,null,null,null,null,FALSE,null,2,2019-05-07,2019-04-05,2019-05-07,8260.8,0,83482,163.1,0,0,0,0,0,8423.9,null,0,null,null,null,null,FALSE,null,3,2019-06-05,2019-05-07,2019-06-05,8294,0,75188,129.9,0,0,0,0,0,8423.9,null,0,null,null,null,null,FALSE,FALSE,null,null,null,null,null,1,5,100,METHOD1,GROUP1,FALSE,PENAPR,PARDIS,100000
UIAddFeeLoan_10,100000,UI28381Test28,12,MONTHS,2019-03-01,ANIVRSRY,null,FLAT,DAYS_30,DAYS_360,HORZNTL,PENALTY|FEES|INTEREST|PRNCIPAL,ADJTEN,1,2019-03-05,100000,2019-03-05,OSTDPCPL,FIXED,50,ADHOC,null,216,null,null,null,null,PERLNKAT,null,2017-01-02,null,,BZD,null,1,12,MONTHS,FALSE,TRUE,100000,100000,null,EMI,1,MONTHS,null,null,SIN,2,,FIXED,0,0,0,TRUE,GI,null,1,2019-04-05,2019-03-05,2019-04-05,8257.2,0,91742.8,166.7,0,0,0,0,0,8423.9,null,0,null,null,null,null,FALSE,null,2,2019-05-07,2019-04-05,2019-05-07,8260.8,0,83482,163.1,0,0,0,0,0,8423.9,null,0,null,null,null,null,FALSE,null,3,2019-06-05,2019-05-07,2019-06-05,8294,0,75188,129.9,0,0,0,0,0,8423.9,null,0,null,null,null,null,FALSE,FALSE,null,null,null,null,null,1,5,100,METHOD1,GROUP1,FALSE,PENAPR,PARDIS,100000
UIAddFeeLoan_10,100000,UI28381Test28,12,MONTHS,2019-03-01,ANIVRSRY,null,FLAT,DAYS_30,DAYS_360,HORZNTL,PENALTY|FEES|INTEREST|PRNCIPAL,ADJTEN,1,2019-03-05,100000,2019-03-05,PREPDAMT,FIXED,40,ADHOC,null,216,null,null,null,null,PERLNKAT,null,2017-01-02,null,,BZD,null,1,12,MONTHS,FALSE,TRUE,100000,100000,null,EMI,1,MONTHS,null,null,SIN,2,,FIXED,0,0,0,TRUE,GI,null,1,2019-04-05,2019-03-05,2019-04-05,8257.2,0,91742.8,166.7,0,0,0,0,0,8423.9,null,0,null,null,null,null,FALSE,null,2,2019-05-07,2019-04-05,2019-05-07,8260.8,0,83482,163.1,0,0,0,0,0,8423.9,null,0,null,null,null,null,FALSE,null,3,2019-06-05,2019-05-07,2019-06-05,8294,0,75188,129.9,0,0,0,0,0,8423.9,null,0,null,null,null,null,FALSE,FALSE,null,null,null,null,null,1,5,100,METHOD1,GROUP1,FALSE,PENAPR,PARDIS,100000
UIAddFeeLoan_10,100000,UI28381Test28,12,MONTHS,2019-03-01,ANIVRSRY,null,FLAT,DAYS_30,DAYS_360,HORZNTL,PENALTY|FEES|INTEREST|PRNCIPAL,ADJTEN,1,2019-03-05,100000,2019-03-05,UNUTIAMT,FIXED,20,ADHOC,null,216,null,null,null,null,PERLNKAT,null,2017-01-02,null,,BZD,null,1,12,MONTHS,FALSE,TRUE,100000,100000,null,EMI,1,MONTHS,null,null,SIN,2,,FIXED,0,0,0,TRUE,GI,null,1,2019-04-05,2019-03-05,2019-04-05,8257.2,0,91742.8,166.7,0,0,0,0,0,8423.9,null,0,null,null,null,null,FALSE,null,2,2019-05-07,2019-04-05,2019-05-07,8260.8,0,83482,163.1,0,0,0,0,0,8423.9,null,0,null,null,null,null,FALSE,null,3,2019-06-05,2019-05-07,2019-06-05,8294,0,75188,129.9,0,0,0,0,0,8423.9,null,0,null,null,null,null,FALSE,FALSE,null,null,null,null,null,1,5,100,METHOD1,GROUP1,FALSE,PENAPR,PARDIS,100000
UIAddFeeLoan_10,100000,UI28381Test28,12,MONTHS,2019-03-01,ANIVRSRY,null,FLAT,DAYS_30,DAYS_360,HORZNTL,PENALTY|FEES|INTEREST|PRNCIPAL,ADJTEN,1,2019-03-05,100000,2019-03-05,null,FIXED,null,ADHOC,null,216,null,null,null,null,MKWHETRM,null,2017-01-02,MONTHS,6,BZD,null,1,12,MONTHS,FALSE,TRUE,100000,100000,null,EMI,1,MONTHS,null,null,SIN,2,,FIXED,0,0,0,TRUE,GI,null,1,2019-04-05,2019-03-05,2019-04-05,8257.2,0,91742.8,166.7,0,0,0,0,0,8423.9,null,0,null,null,null,null,FALSE,null,2,2019-05-07,2019-04-05,2019-05-07,8260.8,0,83482,163.1,0,0,0,0,0,8423.9,null,0,null,null,null,null,FALSE,null,3,2019-06-05,2019-05-07,2019-06-05,8294,0,75188,129.9,0,0,0,0,0,8423.9,null,0,null,null,null,null,FALSE,FALSE,null,null,null,null,null,1,5,100,METHOD1,GROUP1,FALSE,PENAPR,PARDIS,100000
UIAddFeeLoan_10,100000,UI28381Test28,12,MONTHS,2019-03-01,ANIVRSRY,null,FLAT,DAYS_30,DAYS_360,HORZNTL,PENALTY|FEES|INTEREST|PRNCIPAL,ADJTEN,1,2019-03-05,100000,2019-03-05,null,FIXED,null,ADHOC,10000,216,null,null,null,null,MKWHEAMT,null,2017-01-02,null,null,BZD,null,1,12,MONTHS,FALSE,TRUE,100000,100000,null,EMI,1,MONTHS,null,null,SIN,2,,FIXED,0,0,0,TRUE,GI,null,1,2019-04-05,2019-03-05,2019-04-05,8257.2,0,91742.8,166.7,0,0,0,0,0,8423.9,null,0,null,null,null,null,FALSE,null,2,2019-05-07,2019-04-05,2019-05-07,8260.8,0,83482,163.1,0,0,0,0,0,8423.9,null,0,null,null,null,null,FALSE,null,3,2019-06-05,2019-05-07,2019-06-05,8294,0,75188,129.9,0,0,0,0,0,8423.9,null,0,null,null,null,null,FALSE,FALSE,null,null,null,null,null,1,5,100,METHOD1,GROUP1,FALSE,PENAPR,PARDIS,100000
UIAddFeeLoan_11,100000,UI28381Test28,12,MONTHS,2019-03-01,ANIVRSRY,null,FLAT,DAYS_30,DAYS_360,HORZNTL,PENALTY|FEES|INTEREST|PRNCIPAL,ADJTEN,1,2019-03-05,100000,2019-03-05,null,FIXED,null,ADHOC,null,217,null,null,null,null,FLAT,500,2017-01-02,null,null,BZD,null,1,12,MONTHS,FALSE,TRUE,100000,100000,null,EMI,1,MONTHS,null,null,SIN,2,,FIXED,0,0,0,TRUE,GI,null,1,2019-04-05,2019-03-05,2019-04-05,8257.2,0,91742.8,166.7,0,0,0,0,0,8423.9,null,0,null,null,null,null,FALSE,null,2,2019-05-07,2019-04-05,2019-05-07,8260.8,0,83482,163.1,0,0,0,0,0,8423.9,null,0,null,null,null,null,FALSE,null,3,2019-06-05,2019-05-07,2019-06-05,8294,0,75188,129.9,0,0,0,0,0,8423.9,null,0,null,null,null,null,FALSE,FALSE,null,null,null,null,null,1,5,100,METHOD1,GROUP1,FALSE,PENAPR,PARDIS,100000
UIAddFeeLoan_11,100000,UI28381Test28,12,MONTHS,2019-03-01,ANIVRSRY,null,FLAT,DAYS_30,DAYS_360,HORZNTL,PENALTY|FEES|INTEREST|PRNCIPAL,ADJTEN,1,2019-03-05,100000,2019-03-05,OSTDPCPL,FIXED,50,ADHOC,null,217,null,null,null,null,PERLNKAT,null,2017-01-02,null,,BZD,null,1,12,MONTHS,FALSE,TRUE,100000,100000,null,EMI,1,MONTHS,null,null,SIN,2,,FIXED,0,0,0,TRUE,GI,null,1,2019-04-05,2019-03-05,2019-04-05,8257.2,0,91742.8,166.7,0,0,0,0,0,8423.9,null,0,null,null,null,null,FALSE,null,2,2019-05-07,2019-04-05,2019-05-07,8260.8,0,83482,163.1,0,0,0,0,0,8423.9,null,0,null,null,null,null,FALSE,null,3,2019-06-05,2019-05-07,2019-06-05,8294,0,75188,129.9,0,0,0,0,0,8423.9,null,0,null,null,null,null,FALSE,FALSE,null,null,null,null,null,1,5,100,METHOD1,GROUP1,FALSE,PENAPR,PARDIS,100000
UIAddFeeLoan_11,100000,UI28381Test28,12,MONTHS,2019-03-01,ANIVRSRY,null,FLAT,DAYS_30,DAYS_360,HORZNTL,PENALTY|FEES|INTEREST|PRNCIPAL,ADJTEN,1,2019-03-05,100000,2019-03-05,PREPDAMT,FIXED,40,ADHOC,null,217,null,null,null,null,PERLNKAT,null,2017-01-02,null,,BZD,null,1,12,MONTHS,FALSE,TRUE,100000,100000,null,EMI,1,MONTHS,null,null,SIN,2,,FIXED,0,0,0,TRUE,GI,null,1,2019-04-05,2019-03-05,2019-04-05,8257.2,0,91742.8,166.7,0,0,0,0,0,8423.9,null,0,null,null,null,null,FALSE,null,2,2019-05-07,2019-04-05,2019-05-07,8260.8,0,83482,163.1,0,0,0,0,0,8423.9,null,0,null,null,null,null,FALSE,null,3,2019-06-05,2019-05-07,2019-06-05,8294,0,75188,129.9,0,0,0,0,0,8423.9,null,0,null,null,null,null,FALSE,FALSE,null,null,null,null,null,1,5,100,METHOD1,GROUP1,FALSE,PENAPR,PARDIS,100000
UIAddFeeLoan_11,100000,UI28381Test28,12,MONTHS,2019-03-01,ANIVRSRY,null,FLAT,DAYS_30,DAYS_360,HORZNTL,PENALTY|FEES|INTEREST|PRNCIPAL,ADJTEN,1,2019-03-05,100000,2019-03-05,UNUTIAMT,FIXED,20,ADHOC,null,217,null,null,null,null,PERLNKAT,null,2017-01-02,null,,BZD,null,1,12,MONTHS,FALSE,TRUE,100000,100000,null,EMI,1,MONTHS,null,null,SIN,2,,FIXED,0,0,0,TRUE,GI,null,1,2019-04-05,2019-03-05,2019-04-05,8257.2,0,91742.8,166.7,0,0,0,0,0,8423.9,null,0,null,null,null,null,FALSE,null,2,2019-05-07,2019-04-05,2019-05-07,8260.8,0,83482,163.1,0,0,0,0,0,8423.9,null,0,null,null,null,null,FALSE,null,3,2019-06-05,2019-05-07,2019-06-05,8294,0,75188,129.9,0,0,0,0,0,8423.9,null,0,null,null,null,null,FALSE,FALSE,null,null,null,null,null,1,5,100,METHOD1,GROUP1,FALSE,PENAPR,PARDIS,100000
UIAddFeeLoan_11,100000,UI28381Test28,12,MONTHS,2019-03-01,ANIVRSRY,null,FLAT,DAYS_30,DAYS_360,HORZNTL,PENALTY|FEES|INTEREST|PRNCIPAL,ADJTEN,1,2019-03-05,100000,2019-03-05,null,FIXED,null,ADHOC,null,217,null,null,null,null,MKWHETRM,null,2017-01-02,MONTHS,6,BZD,null,1,12,MONTHS,FALSE,TRUE,100000,100000,null,EMI,1,MONTHS,null,null,SIN,2,,FIXED,0,0,0,TRUE,GI,null,1,2019-04-05,2019-03-05,2019-04-05,8257.2,0,91742.8,166.7,0,0,0,0,0,8423.9,null,0,null,null,null,null,FALSE,null,2,2019-05-07,2019-04-05,2019-05-07,8260.8,0,83482,163.1,0,0,0,0,0,8423.9,null,0,null,null,null,null,FALSE,null,3,2019-06-05,2019-05-07,2019-06-05,8294,0,75188,129.9,0,0,0,0,0,8423.9,null,0,null,null,null,null,FALSE,FALSE,null,null,null,null,null,1,5,100,METHOD1,GROUP1,FALSE,PENAPR,PARDIS,100000
UIAddFeeLoan_11,100000,UI28381Test28,12,MONTHS,2019-03-01,ANIVRSRY,null,FLAT,DAYS_30,DAYS_360,HORZNTL,PENALTY|FEES|INTEREST|PRNCIPAL,ADJTEN,1,2019-03-05,100000,2019-03-05,null,FIXED,null,ADHOC,10000,217,null,null,null,null,MKWHEAMT,null,2017-01-02,null,null,BZD,null,1,12,MONTHS,FALSE,TRUE,100000,100000,null,EMI,1,MONTHS,null,null,SIN,2,,FIXED,0,0,0,TRUE,GI,null,1,2019-04-05,2019-03-05,2019-04-05,8257.2,0,91742.8,166.7,0,0,0,0,0,8423.9,null,0,null,null,null,null,FALSE,null,2,2019-05-07,2019-04-05,2019-05-07,8260.8,0,83482,163.1,0,0,0,0,0,8423.9,null,0,null,null,null,null,FALSE,null,3,2019-06-05,2019-05-07,2019-06-05,8294,0,75188,129.9,0,0,0,0,0,8423.9,null,0,null,null,null,null,FALSE,FALSE,null,null,null,null,null,1,5,100,METHOD1,GROUP1,FALSE,PENAPR,PARDIS,100000
0ProductMap,100000,UI28381Test28,12,MONTHS,2019-03-01,ANIVRSRY,null,FLAT,DAYS_30,DAYS_360,HORZNTL,PENALTY|FEES|INTEREST|PRNCIPAL,ADJTEN,1,2019-03-05,100000,2019-03-05,null,FIXED,null,ADHOC,null,218,null,null,null,null,FLAT,500,2017-01-02,null,null,BZD,null,1,12,MONTHS,FALSE,TRUE,100000,100000,null,EMI,1,MONTHS,null,null,SIN,2,,FIXED,0,0,0,TRUE,GI,null,1,2019-04-05,2019-03-05,2019-04-05,8257.2,0,91742.8,166.7,0,0,0,0,0,8423.9,null,0,null,null,null,null,FALSE,null,2,2019-05-07,2019-04-05,2019-05-07,8260.8,0,83482,163.1,0,0,0,0,0,8423.9,null,0,null,null,null,null,FALSE,null,3,2019-06-05,2019-05-07,2019-06-05,8294,0,75188,129.9,0,0,0,0,0,8423.9,null,0,null,null,null,null,FALSE,FALSE,null,null,null,null,null,1,5,100,METHOD1,GROUP1,FALSE,PENAPR,PARDIS,100000
0ProductMap,100000,UI28381Test28,12,MONTHS,2019-03-01,ANIVRSRY,null,FLAT,DAYS_30,DAYS_360,HORZNTL,PENALTY|FEES|INTEREST|PRNCIPAL,ADJTEN,1,2019-03-05,100000,2019-03-05,OSTDPCPL,FIXED,50,ADHOC,null,218,null,null,null,null,PERLNKAT,null,2017-01-02,null,,BZD,null,1,12,MONTHS,FALSE,TRUE,100000,100000,null,EMI,1,MONTHS,null,null,SIN,2,,FIXED,0,0,0,TRUE,GI,null,1,2019-04-05,2019-03-05,2019-04-05,8257.2,0,91742.8,166.7,0,0,0,0,0,8423.9,null,0,null,null,null,null,FALSE,null,2,2019-05-07,2019-04-05,2019-05-07,8260.8,0,83482,163.1,0,0,0,0,0,8423.9,null,0,null,null,null,null,FALSE,null,3,2019-06-05,2019-05-07,2019-06-05,8294,0,75188,129.9,0,0,0,0,0,8423.9,null,0,null,null,null,null,FALSE,FALSE,null,null,null,null,null,1,5,100,METHOD1,GROUP1,FALSE,PENAPR,PARDIS,100000
0ProductMap,100000,UI28381Test28,12,MONTHS,2019-03-01,ANIVRSRY,null,FLAT,DAYS_30,DAYS_360,HORZNTL,PENALTY|FEES|INTEREST|PRNCIPAL,ADJTEN,1,2019-03-05,100000,2019-03-05,PREPDAMT,FIXED,40,ADHOC,null,218,null,null,null,null,PERLNKAT,null,2017-01-02,null,,BZD,null,1,12,MONTHS,FALSE,TRUE,100000,100000,null,EMI,1,MONTHS,null,null,SIN,2,,FIXED,0,0,0,TRUE,GI,null,1,2019-04-05,2019-03-05,2019-04-05,8257.2,0,91742.8,166.7,0,0,0,0,0,8423.9,null,0,null,null,null,null,FALSE,null,2,2019-05-07,2019-04-05,2019-05-07,8260.8,0,83482,163.1,0,0,0,0,0,8423.9,null,0,null,null,null,null,FALSE,null,3,2019-06-05,2019-05-07,2019-06-05,8294,0,75188,129.9,0,0,0,0,0,8423.9,null,0,null,null,null,null,FALSE,FALSE,null,null,null,null,null,1,5,100,METHOD1,GROUP1,FALSE,PENAPR,PARDIS,100000
0ProductMap,100000,UI28381Test28,12,MONTHS,2019-03-01,ANIVRSRY,null,FLAT,DAYS_30,DAYS_360,HORZNTL,PENALTY|FEES|INTEREST|PRNCIPAL,ADJTEN,1,2019-03-05,100000,2019-03-05,UNUTIAMT,FIXED,20,ADHOC,null,218,null,null,null,null,PERLNKAT,null,2017-01-02,null,,BZD,null,1,12,MONTHS,FALSE,TRUE,100000,100000,null,EMI,1,MONTHS,null,null,SIN,2,,FIXED,0,0,0,TRUE,GI,null,1,2019-04-05,2019-03-05,2019-04-05,8257.2,0,91742.8,166.7,0,0,0,0,0,8423.9,null,0,null,null,null,null,FALSE,null,2,2019-05-07,2019-04-05,2019-05-07,8260.8,0,83482,163.1,0,0,0,0,0,8423.9,null,0,null,null,null,null,FALSE,null,3,2019-06-05,2019-05-07,2019-06-05,8294,0,75188,129.9,0,0,0,0,0,8423.9,null,0,null,null,null,null,FALSE,FALSE,null,null,null,null,null,1,5,100,METHOD1,GROUP1,FALSE,PENAPR,PARDIS,100000
0ProductMap,100000,UI28381Test28,12,MONTHS,2019-03-01,ANIVRSRY,null,FLAT,DAYS_30,DAYS_360,HORZNTL,PENALTY|FEES|INTEREST|PRNCIPAL,ADJTEN,1,2019-03-05,100000,2019-03-05,null,FIXED,null,ADHOC,null,218,null,null,null,null,MKWHETRM,null,2017-01-02,MONTHS,6,BZD,null,1,12,MONTHS,FALSE,TRUE,100000,100000,null,EMI,1,MONTHS,null,null,SIN,2,,FIXED,0,0,0,TRUE,GI,null,1,2019-04-05,2019-03-05,2019-04-05,8257.2,0,91742.8,166.7,0,0,0,0,0,8423.9,null,0,null,null,null,null,FALSE,null,2,2019-05-07,2019-04-05,2019-05-07,8260.8,0,83482,163.1,0,0,0,0,0,8423.9,null,0,null,null,null,null,FALSE,null,3,2019-06-05,2019-05-07,2019-06-05,8294,0,75188,129.9,0,0,0,0,0,8423.9,null,0,null,null,null,null,FALSE,FALSE,null,null,null,null,null,1,5,100,METHOD1,GROUP1,FALSE,PENAPR,PARDIS,100000
0ProductMap,100000,UI28381Test28,12,MONTHS,2019-03-01,ANIVRSRY,null,FLAT,DAYS_30,DAYS_360,HORZNTL,PENALTY|FEES|INTEREST|PRNCIPAL,ADJTEN,1,2019-03-05,100000,2019-03-05,null,FIXED,null,ADHOC,10000,218,null,null,null,null,MKWHEAMT,null,2017-01-02,null,null,BZD,null,1,12,MONTHS,FALSE,TRUE,100000,100000,null,EMI,1,MONTHS,null,null,SIN,2,,FIXED,0,0,0,TRUE,GI,null,1,2019-04-05,2019-03-05,2019-04-05,8257.2,0,91742.8,166.7,0,0,0,0,0,8423.9,null,0,null,null,null,null,FALSE,null,2,2019-05-07,2019-04-05,2019-05-07,8260.8,0,83482,163.1,0,0,0,0,0,8423.9,null,0,null,null,null,null,FALSE,null,3,2019-06-05,2019-05-07,2019-06-05,8294,0,75188,129.9,0,0,0,0,0,8423.9,null,0,null,null,null,null,FALSE,FALSE,null,null,null,null,null,1,5,100,METHOD1,GROUP1,FALSE,PENAPR,PARDIS,100000
